country,iso3c,year,reserves,gdp_real,growth,inflation,current_account,openness,exports,credit,int_rate,ner,vix,fed_rate,tot_index,expo_fob,der_expo_pesos,tax_rate_eff,d_ln_ner,d_ln_res,d_int_rate,std_ner,std_res,std_int,empi_robust,empi,fiscal_primario,fiscal_financiero,brecha_anual,...1,dexmedia,z_ner,z_res,z_int,exceso_brecha,z_brecha,p_ner,p_res,p_int,exceso_bruto,z_bre,exceso,imputed_int,imputed_ner,imputed_res,ln_rentabilidad,ln_gdp,post2011,ARG,stress_ca,stress_high,L1_rent,L2_rent,L3_rent,empi_l1
Argentina,ARG,1995,15979453701.6387,348389357874.283,-2.84520961057079,1.6,-2.07460616122982,19.7714230903755,9.68041025959015,19.9606075608912,6.25,0.99975,12.3887698412698,5.83666666666667,41.3692817688,20963,0.0,0.0,-8.75257107334057e-05,0.210279764491894,0.0800000000000001,,,-0.351989499412652,0.0,0.0,-0.408224910549031,-2.07460616122982,1.0,dexmedia,0.0016350629725764,0.0,0.0,0.0,0.0,-0.549081372870356,,,,0.0,0.0,0.0,1,1,1,3.7209022180154485,26.576586535747214,0.0,1.0,2.07460616122982,0.0,,,,
Argentina,ARG,1996,19719017351.0623,367643757074.802,5.52668982715234,0.1,-2.81061043187092,21.5064684057215,10.4285967560139,20.1870018252819,6.33,0.9996625,16.4421653543307,5.29833333333333,41.1223449707,23809,0.0,0.0,-8.75257107334057e-05,0.210279764491894,0.0800000000000001,-0.120560664645809,3.80749451180589,-0.346220268446931,0.369994463228641,0.369994463228641,-0.965789193788126,-2.81061043187092,1.0,dexmedia,0.0024374139827109,-0.339791157194132,0.737391040995455,0.0276054205726814,0.0,-0.549081372870356,-0.000170616129279,0.958830189200429,0.0087251119057681,0.0,0.0,0.0,0,0,0,3.714111257706577,26.630380254823777,0.0,1.0,2.81061043187092,0.0,3.7209022180154485,,,0.0
Argentina,ARG,1997,22424600096.7817,397463514160.866,8.1110467707457,0.3,-1.83762135499995,23.3361788437439,10.5608501019262,21.9334587634322,6.91,0.9995,22.363984063745,5.46,41.4250221252,26431,6.47,0.0244910772135339,-0.0001625680757395,0.128575057001321,0.58,-0.121653661993837,2.32435191469354,-0.304393343945454,-0.0907611859709054,-0.0907611859709054,0.252194010410276,-1.83762135499995,1.0,dexmedia,0.0046254000695773,-0.340338656129066,0.334530707825863,0.0849532376677029,0.0,-0.549081372870356,-0.0003168981502077,0.586274416508513,0.063257061316819,0.0,0.0,0.0,0,0,0,3.7192489670819735,26.708368978553445,0.0,1.0,1.83762135499995,0.0,3.714111257706577,3.7209022180154485,,0.369994463228641
Argentina,ARG,1998,24855741222.2541,412766570325.764,3.85017885156228,0.7,-1.82743435902943,23.3500279730689,10.4155819610919,24.1532987732827,6.68,0.9995,25.6029761904762,5.35333333333333,34.7722320557,26432,27.87,0.105493121863595,0.0,0.10293018609249,-0.23,-0.119285846450776,1.85883405641438,-0.320979882971902,-0.123118477364032,-0.123118477364032,0.521270094315026,-1.82743435902943,1.0,dexmedia,0.0056953064876957,-0.339152581458921,0.208083878068657,-0.0079502260262318,0.0,-0.549081372870356,0.0,0.469339358658555,-0.0250846967290834,0.0,0.0,0.0,0,0,0,3.5431075522428244,26.74614806509651,0.0,1.0,1.82743435902943,0.0,3.7192489670819735,3.714111257706577,3.7209022180154485,-0.0907611859709054
Argentina,ARG,1999,26350163486.3723,398792535409.293,-3.38545704063269,-1.8,-3.7050861235611,21.3827449624898,9.82717451494235,24.8933437498898,7.63,0.9995,24.3729761904762,4.97,35.7158546448,23309,25.08,0.107651749423556,0.0,0.0583857184256225,0.95,-0.119285846450776,1.05024175504606,-0.252470265253966,-0.478094150142441,-0.478094150142441,-0.659310692426833,-3.7050861235611,1.0,dexmedia,0.005690853954391,-0.339152581458921,-0.0115509463655018,0.127390622318019,0.0,-0.549081372870356,0.0,0.266226232371497,0.103610703880997,0.0,0.0,0.0,0,0,0,3.569887589334949,26.71170715722926,0.0,1.0,3.7050861235611,0.0,3.5431075522428244,3.7192489670819735,3.714111257706577,-0.123118477364032
Argentina,ARG,2000,25152117244.4133,395646066535.875,-0.78899893905691,-0.7,-3.41675118250397,22.6224447777343,10.9863752325576,23.8947336198062,21.97,0.9995,23.315,6.23583333333333,41.3445854187,26340,32.07,0.121814893779464,0.0,-0.0465324017135913,14.34,-0.119285846450776,-0.854281716938464,0.781664385351501,-2.53118709541472,-2.53118709541472,0.211194120221791,-3.41675118250397,1.0,dexmedia,0.0052177511415525,-0.339152581458921,-0.528869349833107,1.66316516412269,0.0,-0.549081372870356,0.0,-0.212177675045442,1.56397630910894,0.0,0.0,0.0,0,0,0,3.7167100566193367,26.703785877175054,0.0,1.0,3.41675118250397,0.0,3.569887589334949,3.5431075522428244,3.7192489670819735,-0.478094150142441
Argentina,ARG,2001,14555552759.6102,378202665751.853,-4.40883968258557,-1.5,-5.36414634431815,21.8522554515453,11.5790080825317,20.833574652466,28.11,0.9995,25.7496774193548,3.8875,39.6958007813,26541,52.35,0.197340673275487,0.0,-0.546969523893871,6.14,-0.119285846450776,-9.93845368056201,1.22445286197058,-4.05818167161389,-4.05818167161389,-1.25164810865493,-5.36414634431815,1.0,dexmedia,0.0045023661971831,-0.339152581458921,-2.99636812639063,0.722660963764342,0.0,-0.549081372870356,0.0,-2.49406258062576,0.669652338767704,0.0,0.0,0.0,0,0,0,3.6767328759540105,26.65869604167013,0.0,1.0,5.36414634431815,1.0,3.7167100566193367,3.569887589334949,3.5431075522428244,-2.53118709541472
Argentina,ARG,2002,10492424818.7374,336999433710.193,-10.8944848285903,41.0,-1.91014990213182,41.7527243585642,28.3825969991682,15.3318584042485,43.38,3.06325666666667,27.2924603174603,1.66666666666667,41.0240325928,25650,5021.54,6.39096103474886,1.1199787452245,-0.327319002815404,15.27,16.193934090036,-5.95125325729372,2.32565482255255,4.14888842997733,4.14888842997733,0.234949393833249,-1.91014990213182,0.990338309218128,dexmedia,0.102242716749534,7.83206070730493,-1.91334017340817,1.76983210391943,0.0,-0.582376947127995,2.18320350424884,-1.49250377066352,1.66540573501349,0.0,0.0,0.0,0,0,0,3.616011190398529,26.543347086912178,0.0,1.0,1.91014990213182,0.0,3.6767328759540105,3.7167100566193367,3.569887589334949,-4.05818167161389
Argentina,ARG,2003,14157284136.3644,366780211148.674,8.83704079576924,3.7,1.50014608070146,40.6447480311085,25.9309429264224,10.7627059172487,3.94,2.90062916666667,21.9828571428571,1.1275,43.7183914185,29940,9211.9,10.6073087263457,-0.0545509526985219,0.299575720628919,-39.44,-0.91387716525172,5.42843705433914,-0.518576043547842,4.94569854067671,4.94569854067671,3.22637389628165,1.50014608070146,0.99400941704491,dexmedia,0.190221202610317,-0.737148946573457,1.17768144463235,-4.50516604261782,0.0,-0.56972578223212,-0.106337581493703,1.36600041180641,-4.30148016954369,0.0,0.0,0.0,0,0,0,3.5727833100533846,26.628028625897016,0.0,1.0,1.50014608070146,0.0,3.616011190398529,3.6767328759540105,3.7167100566193367,4.14888842997733
Argentina,ARG,2004,19659591803.9788,399898899166.738,9.02957330068152,6.1,3.96689502983894,40.692646108947,23.8476194239892,9.68251819633223,1.93,2.92330081890332,15.4786561264822,1.34916666666667,50.9528236389,34576,10271.98,10.162625161945,0.0077857277878419,0.328336080144773,-2.01,-0.0058787193512037,5.95050873926809,-0.663527971561579,1.24924926257696,1.24924926257696,5.21948073122351,3.96689502983894,0.996235556757017,dexmedia,0.192040756231754,-0.282348965645694,1.31948977333815,-0.212108454884508,0.0,-0.562054185017333,0.0151769203317665,1.49714142303348,-0.219218436632424,0.0,0.0,0.0,0,0,0,3.7214280619125906,26.714477600024047,0.0,1.0,3.96689502983894,0.0,3.5727833100533846,3.616011190398529,3.6767328759540105,4.94569854067671
Argentina,ARG,2005,28081718501.5579,435296589745.339,8.85165992013437,12.3,3.34062302319346,40.5512709706238,23.2458767338576,10.6534929189359,4.06,2.9036575,12.8070634920635,3.21333333333333,59.9299621582,40386,12322.48,10.508044251607,-0.0067422460364992,0.356553425747531,2.13,-0.217493591153108,6.46272337813364,-0.509922197099261,0.807546104085073,0.807546104085073,5.15181762859421,3.34062302319346,0.9956805966607,dexmedia,0.19053252870694,-0.388343095693648,1.45862067044099,0.262731470662269,0.0,-0.563966657224746,-0.0131428343940959,1.62580640840857,0.232306104491077,0.0,0.0,0.0,0,0,0,3.8861266515744615,26.799293451211028,0.0,1.0,3.34062302319346,0.0,3.7214280619125906,3.5727833100533846,3.616011190398529,1.24924926257696
Argentina,ARG,2006,32022297112.9805,470325565798.353,8.04715150043027,9.8,1.65007027501854,40.4334798719151,23.0266946038115,11.9102616607561,7.24,3.05431333333333,12.8065338645418,4.96416666666667,70.1969680786,46545,16164.71,11.3705453576199,0.0505836499841117,0.131313667455672,3.18,0.617517562424562,2.37406447038947,-0.280595266211856,-0.0052290677749923,-0.0052290677749923,3.28604187472942,1.65007027501854,0.999718277734075,dexmedia,0.188843079785997,0.0298988801931494,0.348033938593673,0.383161886561815,0.0,-0.550052228265846,0.0986040158118117,0.598761887123845,0.346823198254283,0.0,0.0,0.0,0,0,0,4.042293128492155,26.876690985037307,0.0,1.0,1.65007027501854,0.0,3.8861266515744615,3.7214280619125906,3.5727833100533846,0.807546104085073
Argentina,ARG,2007,46149456855.7802,512690850741.56,9.00765087504757,25.7,0.756974472382668,40.945170618571,22.6627503115066,13.0985413493544,11.87,3.09564884920635,17.5359362549801,5.01916666666667,75.9243392944,55943,23075.66,13.3246769336921,0.013442729276121,0.365452746835526,4.63,0.0765216777134362,6.62426807483926,0.0532989759292402,0.743156667413676,0.711953631758023,2.5496268350996,0.756974472382668,1.00291595974473,dexmedia,0.233016236553198,-0.241076248701127,1.50250043659653,0.549470556137377,0.0029159597447299,-0.539032556736113,0.0262042594892397,1.66638538538801,0.504965851546331,0.0029159597447299,0.0312030356556526,0.0029159597447299,0,0,0,4.061535945482983,26.962938870329246,0.0,1.0,0.756974472382668,0.0,4.042293128492155,3.8861266515744615,3.7214280619125906,-0.0052290677749923
Argentina,ARG,2008,46385380206.9801,533491913656.279,4.05723310346406,23.0,0.351972891914477,40.4026733790382,22.0609003826242,12.313946714342,9.81,3.14416455988456,32.694861660079,1.9275,93.7876052856,70588,38167.31,17.1971075427549,0.0155506856315522,0.0050991360633254,-2.06,0.107226390382089,0.0829584419617367,-0.0952587214380724,-0.185070559116238,-0.28214404938915,1.86462722070238,0.351972891914477,1.00907162985807,dexmedia,0.325258166540676,-0.225696884532764,-0.274290401450396,-0.21784323659401,0.0090716298580699,-0.517819233313592,0.0303133532748173,0.0232509562114597,-0.22467163157353,0.0090716298580699,0.0970734902729112,0.0090716298580699,0,0,0,4.13857684745857,27.002709750415484,0.0,1.0,0.351972891914477,0.0,4.061535945482983,4.042293128492155,3.8861266515744615,0.711953631758023
Argentina,ARG,2009,48006988635.3253,501917060966.235,-5.91852507634947,14.8,-1.830044406372,34.0571269054879,19.5609850560818,12.4162075416805,9.67,3.71010683052328,31.4790079365079,0.16,73.060760498,55719,23788.08,11.50720001248,0.165512457366636,0.0343622690416083,-0.140000000000001,2.29158532655968,0.614156709210529,-0.105354875628084,0.810917716359017,0.736028463134577,-0.487913723574489,-1.830044406372,1.0069984872666,dexmedia,0.294692800310499,0.868403898391168,-0.130003054205719,0.0023723810508718,0.0069984872666,-0.524963580473871,0.322637709385498,0.156684505549707,-0.0152689458350943,0.0069984872666,0.0748892532244397,0.0069984872666,0,0,0,3.93519549218244,26.94170072578954,0.0,1.0,1.830044406372,0.0,4.13857684745857,4.061535945482983,4.042293128492155,-0.28214404938915
Argentina,ARG,2010,52207549724.0928,552738161802.463,10.1253981561002,25.7,-1.39345466355708,34.9710132635696,18.9338234053709,12.6901062454749,9.0,3.8962951544705,22.5488888888889,0.175,92.8274230957,68249,36894.13,13.8742377696294,0.0489654697510271,0.0838805182813083,-0.67,0.593952277578173,1.51303545240048,-0.153672184965996,0.294092877492659,0.190665091383117,-0.538447899865991,-1.39345466355708,1.00966544614794,dexmedia,0.2977516334761,0.0180928563015572,0.114155930011709,-0.0584163050698508,0.0096654461479399,-0.515772857081819,0.0954496552755603,0.382476998717569,-0.0730728122108081,0.0096654461479399,0.103427786109542,0.0096654461479399,0,0,0,4.167654930031108,27.038150239543654,0.0,1.0,1.39345466355708,0.0,3.93519549218244,4.13857684745857,4.061535945482983,0.736028463134577
Argentina,ARG,2011,46265800525.8806,585924294024.785,6.00395169280579,22.5,-2.74564845953819,35.2061549999644,18.4492091453155,14.0087151168124,21.3,4.11013957621326,24.2025793650794,0.101666666666667,109.8523330688,83950,56641.76,16.415702343592,0.0534308468356339,-0.120824076553141,12.3,0.658996628265225,-2.20285942989423,0.733347076013589,-1.82047153289761,-2.27369276725581,-1.5873710974387,-2.74564845953819,1.04235404815832,dexmedia,0.296248877837286,0.0506716429335899,-0.895178339814389,1.42918607037501,0.04235404815832,-0.403123239102208,0.104154130195709,-0.550931624169102,1.34148595551185,0.04235404815832,0.453221234358191,0.04235404815832,0,0,0,4.306324869178086,27.096456427093553,1.0,1.0,2.74564845953819,0.0,4.167654930031108,3.93519549218244,4.13857684745857,0.190665091383117
Argentina,ARG,2012,43223270863.843,579910247223.428,-1.0264204544321,25.2,-3.01805560014323,30.5265423717108,16.2378594620246,15.2128150156924,25.4,4.53693436018746,17.79888,0.14,100.0,80947,61405.35,16.7202573362781,0.0987945448278245,-0.0680240109879371,4.1,1.31977431649456,-1.24440760043124,1.02902016300678,1.65116441781963,-0.741880575164343,-1.69581861459304,-3.01805560014323,1.22363282034082,dexmedia,0.295263247974915,0.381639041593424,-0.634837746741113,0.488681870016654,0.22363282034082,0.221589449060075,0.192582758725069,-0.310174759246747,0.447161985170617,0.22363282034082,2.39304499298398,0.22363282034082,0,0,0,4.0534150829992734,27.08613918234595,1.0,1.0,3.01805560014323,0.0,4.306324869178086,4.167654930031108,3.93519549218244,-2.27369276725581
Argentina,ARG,2013,30533919650.6263,593858966307.156,2.40532378079436,27.9,-3.25382842728551,29.3339290021037,14.6171733884386,15.7290920133564,28.5,5.45935266465704,14.230119047619,0.1075,102.06590271,83026,68069.96,15.0175895523017,0.185078690232901,-0.347540842260209,3.1,2.57661382673082,-6.31832967667908,1.25257786292847,4.37206546515617,-1.37587748437487,-2.63968436995308,-3.25382842728551,1.53715191178203,dexmedia,0.289481515990244,1.01115648426799,-2.01304773281625,0.373986235826611,0.53715191178203,1.3020212726343,0.360778672632096,-1.58471097941561,0.338098086348515,0.53715191178203,5.74794294953104,0.53715191178203,0,0,0,3.8539270971352115,27.10990769765865,1.0,1.0,3.25382842728551,0.0,4.0534150829992734,4.306324869178086,4.167654930031108,-0.741880575164343
Argentina,ARG,2014,31410813269.5239,578937574935.696,-2.51261532081394,38.5,-4.2524290852903,28.4067936452275,14.4054785893756,13.8237692455151,-11.6006987702162,8.07527599281334,14.1759920634921,0.0891666666666667,95.8531951904,71935,73562.14,12.6635868301883,0.39147682405977,0.0283140199137542,-40.1006987702162,5.5830858322255,0.504366022786451,-1.63929955072374,10.8461850060109,6.93812955392935,-3.50002653962119,-4.2524290852903,1.36521229870715,dexmedia,0.283093171233291,2.51700932396997,-0.159825077116959,-4.58094530707634,0.36521229870715,0.709492668251131,0.763115887478899,0.12910579929804,-4.37353855337044,0.36521229870715,3.90805545208154,0.36521229870715,0,0,0,3.9186984647657828,27.084460493397238,1.0,1.0,4.2524290852903,1.0,3.8539270971352115,4.0534150829992734,4.306324869178086,-1.37587748437487
Argentina,ARG,2015,25520565580.4894,594749285413.212,2.73115982828944,27.8,-6.00055803090057,22.4862260889792,10.7056520504538,14.4142330417064,-1.31470878459509,9.23318552472429,16.674126984127,0.1325,62.2576370239,56784,62145.23,11.8530538003506,0.13399706904323,-0.207667584796901,0.2695,1.83256358766391,-3.77928397524702,-0.897521401496986,3.52668043903129,-0.734244841812789,-4.41782806416475,-6.00055803090057,1.39818839203206,dexmedia,0.0,0.638471892121578,-1.32337649068267,0.0493402432516946,0.39818839203206,0.823133022596401,0.26120394868352,-0.946919215468707,1.12183017107693,0.39818839203206,4.26092528084408,0.39818839203206,0,0,0,3.7961038179532074,27.11140578463773,1.0,1.0,6.00055803090057,1.0,3.9186984647657828,3.8539270971352115,4.0534150829992734,6.93812955392935
Argentina,ARG,2016,38414518491.6131,582376550428.09,-2.08032784377811,40.7,-6.65466898257521,26.0938878488799,12.5270951690009,13.6676334273514,-7.00603984304116,14.7581750873396,15.8256349206349,0.395,54.2939987183,57733,73452.12,8.6207996322286,0.468993056214806,0.408950853380485,-5.69133105844607,6.71225556820669,7.41386633290789,-1.30795394372894,5.57509841532857,5.4338742959009,-4.76219904496881,-6.65466898257521,1.01319755717939,dexmedia,0.164315298507463,3.08255725867936,1.71697598192506,-0.634341055296482,0.0131975571793901,-0.503600695108417,0.91422028155659,1.86472733155264,-0.620718754721447,0.0131975571793901,0.141224119427672,0.0131975571793901,0,0,0,3.801798583481784,27.09038306933025,1.0,1.0,6.65466898257521,1.0,3.7961038179532074,3.9186984647657828,3.8539270971352115,-0.734244841812789
Argentina,ARG,2017,55314409205.2188,598790850843.677,2.81850297775918,24.7,-6.69334113157833,25.2896011376779,11.3202833596733,15.9584973420583,0.455892832330463,16.5627069251411,11.0902390438247,1.00166666666667,63.8414001465,58428,85671.23,8.85284100508608,0.115356424802568,0.364597965020604,7.46193267537162,1.56104598943531,6.60875166997244,-0.769833780542957,1.12647718029255,1.12647718029255,-4.22837888708276,-6.69334113157833,0.987624472654143,dexmedia,0.142600469214591,0.502472275539671,1.49828577507551,0.87428087032263,0.0,-0.591729217748039,0.224867259258658,1.66248776541821,0.813827470324065,0.0,0.0,0.0,0,0,0,4.015003354842066,27.118178210222982,1.0,1.0,6.69334113157833,1.0,3.801798583481784,3.7961038179532074,3.9186984647657828,5.4338742959009
Argentina,ARG,2018,66221501691.4418,583118120294.002,-2.61739646282038,47.6351603158401,-5.44114523017028,30.7625359549926,14.4366857499034,,4.56440909873508,28.0949916666667,16.6398406374502,1.83166666666667,75.2124023438,61622,154231.54,8.90858027513456,0.528437730689614,0.179971770294596,4.10851626640462,7.57818104282931,3.2573294282061,-0.473546539701588,3.61455071690576,3.61455071690576,-2.23798608113964,-5.44114523017028,0.980534922413166,dexmedia,0.131254081626054,3.51625755530189,0.587951810196736,0.489658648592863,0.0,-0.616160826234683,1.0300973213448,0.820632298972143,0.448090802388112,0.0,0.0,0.0,0,0,0,4.199268578789443,27.09165561048314,1.0,1.0,5.44114523017028,1.0,4.015003354842066,3.801798583481784,3.7961038179532074,1.12647718029255
Argentina,ARG,2019,44880566052.3702,571450737224.442,-2.00086100285785,53.975860249036,-4.44475766751875,32.6306150458499,17.9248783778462,14.4776292447323,12.1039696489827,48.1478916666667,15.3878571428571,2.15833333333333,59.7428245544,65115,215432.89,6.87153381321184,0.538686022556599,-0.389000335461581,7.53956055024762,7.72747757956918,-7.07092205856526,0.0701717877286132,0.744137951631764,0.490371742581635,-0.406549348588774,-4.44475766751875,1.02371474552441,dexmedia,0.156066170439569,3.59102770522456,-2.21747151398056,0.883184448662358,0.02371474552441,-0.467356953362903,1.05007458145975,-1.77375729020296,0.822293869015316,0.02371474552441,0.253766209050129,0.02371474552441,0,0,0,3.896929985019909,27.07144411738358,1.0,1.0,4.44475766751875,1.0,4.199268578789443,4.015003354842066,3.801798583481784,3.61455071690576
Argentina,ARG,2020,39403734630.1228,514874343768.066,-9.9004848136464,36.0213997331334,-8.67407139301434,30.203698807416,16.6054144372484,15.746489768328,-7.63517421630372,70.5391666666667,29.2513043478261,0.375833333333333,48.9641952515,54884,284561.23,7.35020833641015,0.381890760601889,-0.130144274331595,-19.7391438652864,5.44352699948105,-2.37204407987706,-1.35332421257676,9.35075554867542,3.75150123985378,-6.24023894494278,-8.67407139301434,1.52325678646179,dexmedia,0.202568095122662,2.44707070285955,-0.941133317165819,-2.24556385416004,0.52325678646179,1.254136674859,0.74442952631139,-0.593429707714582,-2.15282798935851,0.52325678646179,5.59925430882164,0.52325678646179,0,0,0,3.2438798227690535,26.96718871515572,1.0,1.0,8.67407139301434,1.0,3.896929985019909,4.199268578789443,4.015003354842066,0.490371742581635
Argentina,ARG,2021,39653498610.7828,568636554720.066,10.4418119882506,50.7815259803776,-4.33295192882827,33.078689567466,18.0667091690365,13.2644289814534,-11.8618379621172,94.9907416666667,19.6561507936508,0.08,99.5252227783,60875,412567.89,7.13469103975826,0.297611319601108,0.0063185821561226,-4.22666374581348,4.2158724519107,0.105094405734985,-1.65813170462722,8.83285224370425,2.03025172655265,-2.52605430828156,-4.33295192882827,1.63571088038992,dexmedia,0.194744598849353,1.83217931209738,-0.268277694541393,-0.466350108996662,0.63571088038992,1.64166963565141,0.580141434493937,0.0288113663189266,-0.460976427128447,0.63571088038992,6.80260051715161,0.63571088038992,0,0,0,3.8917378248418073,27.06650732308748,1.0,1.0,4.33295192882827,1.0,3.2438798227690535,3.896929985019909,4.199268578789443,3.75150123985378
Argentina,ARG,2022,44795335171.5152,602872713790.916,6.02074537534855,94.7545647562881,-3.83638509310149,31.5801792606256,16.2816677253254,12.8891009335255,-9.81968419782903,130.61655,25.6371484375,1.68333333333333,138.3132019043,77935,785641.23,7.71779997628624,0.318486500920405,0.121924826829144,2.04215376428817,4.51995249770583,2.20363378287603,-1.51086099545604,11.6044370820685,2.03356642256856,-1.72789684846827,-3.83638509310149,1.89440892460291,dexmedia,0.183345337048701,1.9844818086661,0.301740504848553,0.252655890946093,0.89440892460291,2.53318025587958,0.620833964778504,0.555950807056017,0.222725251527499,0.89440892460291,9.57087065949995,0.89440892460291,0,0,0,4.088074853182111,27.124971923150735,1.0,1.0,3.83638509310149,0.0,3.8917378248418073,3.2438798227690535,3.896929985019909,2.03025172655265
Argentina,ARG,2023,23080560550.2946,591684674129.454,-1.85578803046339,211.198471676089,-5.3295890898663,26.6769512482215,12.8223120961047,15.3570823376104,-17.2542810000346,296.258041666667,16.8490272373541,5.02416666666667,85.9533615112,88446,1254321.45,4.78696778548249,0.818964905315876,-0.663113279744234,-7.43459680220557,11.8101831256544,-12.0467502154976,-2.04700982156771,13.5057316081419,2.90115388648221,-2.79520803827296,-5.3295890898663,1.99101004426207,dexmedia,0.166757086618576,5.63590448625973,-3.56903662511628,-0.834286025338755,0.99101004426207,2.86608159019028,1.5964294490107,-3.02365295593143,-0.810846113418869,0.99101004426207,10.6045777216597,0.99101004426207,0,0,0,3.5827327046166904,27.10623968487305,1.0,1.0,5.3295890898663,1.0,4.088074853182111,3.8917378248418073,3.2438798227690535,2.03356642256856
Australia,AUS,1995,14951886130.3736,709528553282.314,3.89017188961647,4.62776445368168,-2.5987227624314,37.646874037201,17.8435719765847,69.6679496736804,8.02236263480293,1.3490325,12.3887698412698,5.83666666666667,97.8199691772,20963,0.0,0.0,-0.0541982565421203,0.15175580752074,-1.19102374603792,,,-0.224174881972755,0.0,0.0,-0.497488671775232,-2.5987227624314,1.0,dexmedia,0.0,0.0,0.0,0.0,0.0,,,,,0.0,0.0,0.0,1,1,1,4.583128740014044,27.287866576968323,0.0,0.0,2.5987227624314,0.0,,,,
Australia,AUS,1996,17402141301.7261,736956619705.757,3.86567479160071,2.61537902431631,-1.45367196782754,38.1740208800895,18.8609762036441,71.3863767702869,6.83133888876501,1.27786333333333,16.4421653543307,5.29833333333333,97.8765869141,23809,0.0,0.0,-0.0541982565421203,0.15175580752074,-1.19102374603792,-2.97225556248573,3.26038352391198,-0.310066020429641,-0.167572537728634,-0.167572537728634,0.567265448185322,-1.45367196782754,1.0,dexmedia,0.0,-0.734575723168662,0.448827731390287,-0.118175454049742,0.0,,-0.105650061763642,0.691973618997392,-0.1298976933326,0.0,0.0,0.0,0,0,0,4.583707367861264,27.325794866759914,0.0,0.0,1.45367196782754,0.0,4.583128740014044,,,0.0
Australia,AUS,1997,17588261223.5229,765830271632.661,3.91795814771731,0.224895027032537,-0.492189543539983,37.9217014956962,19.0977036336863,75.201469832279,5.82323813876082,1.34738,22.363984063745,5.46,97.8796005249,26431,0.0,0.0,0.0529725537189166,0.0106384416140983,-1.00810075000419,2.88799654152417,0.18725838725162,-0.382765596223274,-0.10245483656665,-0.10245483656665,1.21834525336123,-0.492189543539983,1.0,dexmedia,0.0,0.047327998403337,-0.246977819981697,-0.0971949850117105,0.0,,0.103260767582662,0.0485089899653031,-0.109947398200942,0.0,0.0,0.0,0,0,0,4.583738157292133,27.364226404632028,0.0,0.0,0.492189543539983,0.0,4.583707367861264,4.583128740014044,,-0.167572537728634
Australia,AUS,1998,15377553384.6145,801646726961.596,4.67681373479508,0.860129922016289,-0.245300974162479,39.9240664596368,19.5240007251128,78.974896120816,5.48226492899418,1.59182833333333,25.6029761904762,5.35333333333333,97.5661621094,26432,0.0,0.0,0.166721284755108,-0.134322829880585,-0.34097320976664,9.10801018128036,-2.96957581533167,-0.40735501122661,-0.0638347583384482,-0.0638347583384482,1.14045182690607,-0.245300974162479,1.0,dexmedia,0.0,0.877223339351652,-0.961736466388622,-0.0206783686985213,0.0,,0.324994107845555,-0.612483016135883,-0.0371878676510361,0.0,0.0,0.0,0,0,0,4.580530733606041,27.40993385769585,0.0,0.0,0.245300974162479,0.0,4.583738157292133,4.583707367861264,4.583128740014044,-0.10245483656665
Australia,AUS,1999,21955814712.2323,841955290889.975,5.02822035850596,1.48313946657267,0.664529995836096,38.9602467102359,18.2621440737691,83.9046994061809,6.05604022023678,1.54995,24.3729761904762,4.97,97.7981185913,23309,0.0,0.0,-0.0266605784409212,0.356123137902756,0.5737752912426,-1.4664744137961,7.71090863167664,-0.365976984006581,0.838595212911083,0.838595212911083,1.64331095655664,0.664529995836096,1.0,dexmedia,0.0,-0.533664552129327,1.45649905578953,0.0842392907491246,0.0,,-0.0519701543673965,1.62384438901687,0.0625781703107049,0.0,0.0,0.0,0,0,0,4.5829053395479615,27.45899275107346,0.0,0.0,0.664529995836096,0.0,4.580530733606041,4.583738157292133,4.583707367861264,-0.0638347583384482
Australia,AUS,2000,18821546023.5147,874926744105.928,3.9160574881715,4.45743705920869,1.24800178877111,40.8631257691954,19.356082688226,87.3810328646984,5.03411252620181,1.72482666666667,23.315,6.23583333333333,98.1633529663,26340,0.0,0.0,0.106903889996437,-0.154029732917447,-1.02192769403497,5.83712638451556,-3.39873475476634,-0.43967369522101,-0.519320434453658,-0.519320434453658,1.9225659573047,1.24800178877111,1.0,dexmedia,0.0,0.440803726001481,-1.05890503558137,-0.098780875126231,0.0,,0.20839051477827,-0.702342226379184,-0.111455418625734,0.0,0.0,0.0,0,0,0,4.586632957992669,27.497405998777428,0.0,0.0,1.24800178877111,0.0,4.5829053395479615,4.580530733606041,4.583738157292133,0.838595212911083
Australia,AUS,2001,18663980677.4371,892700520464.398,2.03145880248898,4.40712998561533,-0.0302007874069549,44.1337313971929,22.1097572675813,88.1892830335626,2.10299461437176,1.9334425,25.7496774193548,3.8875,98.009727478,26541,0.0,0.0,0.114175530464614,-0.0084067792518318,-2.93111791183005,6.2347959324613,-0.22749104206424,-0.651052397984873,0.470729446735689,0.470729446735689,0.686008836121781,-0.0302007874069549,1.0,dexmedia,0.0,0.493856630333849,-0.340883841543825,-0.317756657945664,0.0,,0.222565311415664,-0.0383330928683388,-0.319679147371483,0.0,0.0,0.0,0,0,0,4.585066733724218,27.517516998154296,0.0,0.0,0.0302007874069549,0.0,4.586632957992669,4.5829053395479615,4.580530733606041,-0.519320434453658
Australia,AUS,2002,21567012300.1783,927960453450.18,3.94980535772942,2.98157117047457,0.192234320429666,41.3813128146921,20.6927681028396,91.0685401335001,3.42491629064352,1.8405625,27.2924603174603,1.66666666666667,98.0746612549,25650,0.0,0.0,-0.0492308613834721,0.144569439560314,1.32192167627176,-2.70069367088405,3.10388536453515,-0.555721504622314,-0.454988694655874,-0.454988694655874,0.849710149180978,0.192234320429666,1.0,dexmedia,0.0,-0.698334280637758,0.413394000828917,0.170048414847032,0.0,,-0.0959669900414411,0.659205337333158,0.144173931951646,0.0,0.0,0.0,0,0,0,4.585729038150319,27.556254954007958,0.0,0.0,0.192234320429666,0.0,4.585066733724218,4.586632957992669,4.5829053395479615,0.470729446735689
Australia,AUS,2003,33258076239.1011,956646310281.468,3.0912800997751,2.73259754838937,1.04910284779681,40.1348011794482,19.0255629975486,98.9700701383552,3.51968278100984,1.54191416666667,21.9828571428571,1.1275,98.2659683228,29940,0.0,0.0,-0.177046621472348,0.433132693023136,0.0947664903663199,-9.68994077974064,9.38795240359648,-0.548887382488139,0.176049229004677,0.176049229004677,1.34067731383491,1.04910284779681,1.0,dexmedia,0.0,-1.63086076098835,1.83620906254304,0.0292990725500077,0.0,,-0.345121553477668,1.9749912836538,0.010335602917038,0.0,0.0,0.0,0,0,0,4.587677765001739,27.586699578354153,0.0,0.0,1.04910284779681,0.0,4.585729038150319,4.585066733724218,4.586632957992669,-0.454988694655874
Australia,AUS,2004,36925537509.3118,997006658239.536,4.21894147547516,2.34325687131265,1.32100263575359,36.9505159618289,17.1350628732794,102.447693760099,3.69949132705322,1.3597525,15.4786561264822,1.34916666666667,98.5756149292,34576,0.0,0.0,-0.125721912059058,0.104605753080342,0.17980854604338,-6.88331927724698,2.2335926922892,-0.535920419591455,-1.07911008082094,-1.07911008082094,1.31022964882295,1.32100263575359,1.0,dexmedia,0.0,-1.25640263007467,0.216345574312438,0.039053025058713,0.0,,-0.245072971374275,0.476979581272758,0.0196106210730244,0.0,0.0,0.0,0,0,0,4.590823917930386,27.62802328516031,0.0,0.0,1.32100263575359,0.0,4.587677765001739,4.585729038150319,4.585066733724218,0.176049229004677
Australia,AUS,2005,43257063108.6613,1028467016034.95,3.15548121323168,2.69182949622197,1.70399891487461,39.0978822564811,18.1951172148922,108.259010705054,3.30680627260577,1.30947333333333,12.8070634920635,3.21333333333333,99.0298690796,40386,0.0,0.0,-0.0376776771408505,0.158257143818037,-0.39268505444745,-2.06888932606254,3.40196368924977,-0.56423905429013,-0.106550535810294,-0.106550535810294,1.5610067230145,1.70399891487461,1.0,dexmedia,0.0,-0.614043812614704,0.480883785285086,-0.0266094915193238,0.0,,-0.0734460695049822,0.721618304623969,-0.0428277630472082,0.0,0.0,0.0,0,0,0,4.595421512504669,27.65909047555429,0.0,0.0,1.70399891487461,0.0,4.590823917930386,4.587677765001739,4.585729038150319,-1.07911008082094
Australia,AUS,2006,55078716457.7347,1056965077770.63,2.7709261737475,3.55528696972984,1.7682109797628,41.4878923489153,19.8193564623907,113.405916759874,2.37921843259392,1.3279734405,12.8065338645418,4.96416666666667,99.36302948,46545,0.0,0.0,0.0140290304790936,0.241602841437224,-0.92758784001185,0.758509730666141,5.21699018680676,-0.631132410415411,0.742997158265406,0.742997158265406,1.46423072936063,1.7682109797628,1.0,dexmedia,0.0,-0.236798674504852,0.891835327030606,-0.0879605057396532,0.0,,0.0273471515720877,1.10165663693971,-0.101166346331664,0.0,0.0,0.0,0,0,0,4.598780107655948,27.686422783264824,0.0,0.0,1.7682109797628,0.0,4.595421512504669,4.590823917930386,4.587677765001739,-0.106550535810294
Australia,AUS,2007,26907894338.85,1097018464974.4,3.78947119882653,2.32761442623159,1.47153390121651,41.9297451276561,20.1458953527592,120.28724964726,3.05876012508836,1.1950725,17.5359362549801,5.01916666666667,99.4940414429,55943,0.0,0.0,-0.105447198231529,-0.716343656952784,0.67954169249444,-5.7746018390951,-15.6442939284707,-0.582126998229945,-5.03635024842828,-5.03635024842828,1.28024770747263,1.47153390121651,1.0,dexmedia,0.0,-1.10848106302727,-3.83149895018431,0.0963702352167029,0.0,,-0.20555094788531,-3.26637194876183,0.0741134663956134,0.0,0.0,0.0,0,0,0,4.600097757375389,27.72361712932647,0.0,0.0,1.47153390121651,0.0,4.598780107655948,4.595421512504669,4.590823917930386,0.742997158265406
Australia,AUS,2008,32923506492.0435,1136774249983.46,3.62398503565633,4.35029726664093,-1.09763214974455,42.7522207880308,20.1044121403643,121.444819283971,4.15102038072407,1.19217833333333,32.694861660079,1.9275,100.0484695435,70588,0.0,0.0,-0.0024246870451858,0.201767172290999,1.09226025563571,-0.141202182933879,4.34948535915909,-0.503358227111948,0.194868091493114,0.194868091493114,-1.12875089905336,-1.09763214974455,1.0,dexmedia,0.0,-0.356842769856866,0.695418113908174,0.143707252558194,0.0,,-0.0047265051022868,0.920014612198559,0.119126162008056,0.0,0.0,0.0,0,0,0,4.605654763996202,27.75921576215631,0.0,0.0,1.09763214974455,0.0,4.600097757375389,4.598780107655948,4.595421512504669,-5.03635024842828
Australia,AUS,2009,41742190606.7947,1158996461663.32,1.95484826298522,1.77112025681656,-4.54746389088072,45.5936120867789,22.9369071089635,122.113074120131,0.98031322538665,1.28218881008452,31.4790079365079,0.16,98.8886108398,55719,0.0,0.0,0.072786459457172,0.237325496775657,-3.17070715533742,3.97143039117806,5.12384208052545,-0.732015000909516,1.40786914981788,1.40786914981788,-4.50936512564319,-4.54746389088072,1.0,dexmedia,0.0,0.191887572021221,0.870745079621803,-0.345236498174854,0.0,,0.141884525957599,1.08215287155822,-0.345809684384234,0.0,0.0,0.0,0,0,0,4.593994073653653,27.778575627359434,0.0,0.0,4.54746389088072,1.0,4.605654763996202,4.600097757375389,4.598780107655948,0.194868091493114
Australia,AUS,2010,42267797177.4332,1184610839239.74,2.21004795300735,2.9183370211222,-5.10011873230432,40.3905070860606,19.7322237124156,124.791339290254,6.04356005483095,1.09015948638677,22.5488888888889,0.175,99.5310440063,68249,0.0,0.0,-0.162244622087533,0.0125131176111495,5.0632468294443,-8.88030898468396,0.228083369298429,-0.366876995965539,-2.35976383310246,-2.35976383310246,-4.86627089231893,-5.10011873230432,1.0,dexmedia,0.0,-1.5228673775521,-0.237734379549036,0.599162076001316,0.0,,-0.316267633646949,0.0570571065436408,0.55221743991784,0.0,0.0,0.0,0,0,0,4.600469595565965,27.80043543087382,0.0,0.0,5.10011873230432,1.0,4.593994073653653,4.605654763996202,4.600097757375389,1.40786914981788
Australia,AUS,2011,46714016758.386,1212979128949.21,2.39473494330615,3.30384784681081,-4.51126007473225,41.7219860149689,21.3710952598475,121.790806241677,1.44878757207191,0.969463201496735,24.2025793650794,0.101666666666667,100.1059951782,83950,0.0,0.0,-0.117336764509799,0.100018764282151,-4.59477248275904,-6.42462320088594,2.1337014387447,-0.698230792065235,-0.492926586200488,-0.492926586200488,-4.07096576220373,-4.51126007473225,1.0,dexmedia,0.0,-1.19522572883891,0.19372856860689,-0.508570574031528,0.0,,-0.228727586614749,0.456063905682873,-0.501123801170209,0.0,0.0,0.0,0,0,0,4.606229576417837,27.824100539599986,1.0,0.0,4.51126007473225,1.0,4.600469595565965,4.593994073653653,4.605654763996202,-2.35976383310246
Australia,AUS,2012,49138172006.1934,1260921781880.75,3.95247138119184,1.76278299052228,-3.49588093557381,43.0198495527558,21.4212330245448,120.774756172135,5.08629843609618,0.965801030658708,17.79888,0.14,100.0,80947,0.0,0.0,-0.003784677201719,0.0505919023303179,3.63751086402427,-0.215563763289282,1.05732837215215,-0.435910288129298,-0.852381272671656,-0.852381272671656,-2.85547716604161,-3.49588093557381,1.0,dexmedia,0.0,-0.366765073906864,-0.0499798135048793,0.435636385259913,0.0,,-0.0073775690516229,0.23068811875742,0.396721116838239,0.0,0.0,0.0,0,0,0,4.605170185988092,27.862864142344137,1.0,0.0,3.49588093557381,0.0,4.606229576417837,4.600469595565965,4.593994073653653,-0.492926586200488
Australia,AUS,2013,52837027749.6144,1294392358274.42,2.65445302592404,2.44988248109259,-2.79764396909375,41.100511881056,19.8931411047873,124.183275636084,6.31873407967245,1.03584309652054,14.230119047619,0.1075,100.0727462769,83026,0.0,0.0,0.0700131195202364,0.0725760613747966,1.23243564357627,3.81970782553547,1.53607931349695,-0.347032714652069,0.0702860938701313,0.0702860938701313,-2.06438168461919,-2.79764396909375,1.0,dexmedia,0.0,0.171653659329954,0.0584171921160493,0.159784757575872,0.0,,0.136478382765499,0.330931123247005,0.134414236335754,0.0,0.0,0.0,0,0,0,4.605897384284306,27.889062479551523,1.0,0.0,2.79764396909375,0.0,4.605170185988092,4.606229576417837,4.600469595565965,-0.852381272671656
Australia,AUS,2014,53910325023.2377,1328061960035.21,2.60118978187332,2.48792932080492,-2.9059361316582,42.2993095385282,20.9959179912807,127.883848731619,4.46963335705945,1.10936329281692,14.1759920634921,0.0891666666666667,99.8994750977,71935,0.0,0.0,0.0685705595398034,0.0201097903778411,-1.849100722613,3.74085357600327,0.393516772085633,-0.480381328997516,0.154505382805012,0.154505382805012,-2.07033180466719,-2.9059361316582,1.0,dexmedia,0.0,0.161128937024094,-0.200277564442969,-0.193654010223887,0.0,,0.133666363325131,0.0916962892713799,-0.201670134122939,0.0,0.0,0.0,0,0,0,4.604164431363427,27.914741822547423,1.0,0.0,2.9059361316582,0.0,4.605897384284306,4.605170185988092,4.606229576417837,0.0702860938701313
Australia,AUS,2015,45406035070.596,1356805839935.9,2.16434780647852,1.50836803138463,-2.77534607914668,41.4947506939901,19.9846454503255,135.800292705604,6.24156802765539,1.33109026245502,16.674126984127,0.1325,98.3048629761,56784,0.0,0.0,0.18221211195983,-0.171676991159433,1.77193467059594,9.95493731935467,-3.78304063057506,-0.35259757436206,-0.377338764432743,-0.377338764432743,-1.8625731509286,-2.77534607914668,1.0,dexmedia,0.0,0.990242317300021,-1.14591814110796,0.221662940624804,0.0,,0.355190777542428,-0.782809902381763,0.19325410363325,0.0,0.0,0.0,0,0,0,4.588073496693471,27.936154406172825,1.0,0.0,2.77534607914668,0.0,4.604164431363427,4.605897384284306,4.605170185988092,0.154505382805012
Australia,AUS,2016,52480791522.7772,1394194533274.64,2.75564065529868,1.27699365720306,-2.41473788479301,40.813402217321,19.2031438783351,142.104255731186,6.13556882319326,1.34521397601947,15.8256349206349,0.395,98.0786209106,57733,0.0,0.0,0.0105547377456065,0.144802199608943,-0.10599920446213,0.568531037183738,3.10895420033474,-0.360241748021118,0.146122900003756,0.146122900003756,-1.51564053241069,-2.41473788479301,1.0,dexmedia,0.0,-0.262146643896213,0.414541667758023,0.0062721238580539,0.0,,0.0205746229835966,0.660266672749832,-0.011560686510681,0.0,0.0,0.0,0,0,0,4.585769411226485,27.963337968942852,1.0,0.0,2.41473788479301,0.0,4.588073496693471,4.604164431363427,4.605897384284306,-0.377338764432743
Australia,AUS,2017,65653718118.1817,1426167740135.16,2.29331030192918,1.94864309065653,-1.71150956304931,42.0354135251854,21.1718412211076,140.108067004121,1.54300485864138,1.30475807671592,11.0902390438247,1.00166666666667,98.5665969849,58428,0.0,0.0,-0.0305354486151944,0.223947007716532,-4.59256396455188,-1.67834074023118,4.83249756205336,-0.69143627597545,0.751162124844799,0.751162124844799,-0.844803775110575,-1.71150956304931,1.0,dexmedia,0.0,-0.5619350802936,0.804779938503261,-0.508317266635138,0.0,,-0.059523538910678,1.02114985861129,-0.500882931563917,0.0,0.0,0.0,0,0,0,4.590732431239446,27.986012060831108,1.0,0.0,1.71150956304931,0.0,4.585769411226485,4.588073496693471,4.604164431363427,0.146122900003756
Australia,AUS,2018,53909533420.3006,1467158231105.1,2.87417039499501,1.91140002818579,-1.25400273782271,43.5732253645218,21.8125736575066,139.498062822532,3.35275994582846,1.33841214646451,16.6398406374502,1.83166666666667,99.0938415527,61622,0.0,0.0,0.0254663042488625,-0.19708689997195,1.80975508718708,1.38391655032052,-4.33639442222436,-0.560925087358318,-1.65056109721774,-1.65056109721774,-0.411146714376094,-1.25400273782271,1.0,dexmedia,0.0,-0.153353873598356,-1.27120644632832,0.226000777291057,0.0,,0.0496421248291093,-0.898673583954464,0.197378945721756,0.0,0.0,0.0,0,0,0,4.596067295638036,28.01434846960356,1.0,0.0,1.25400273782271,0.0,4.590732431239446,4.585769411226485,4.588073496693471,0.751162124844799
Australia,AUS,2019,57994685703.4779,1499347932643.95,2.19401703622717,1.610770929127,-4.39202792912605,46.0016827052171,24.0624800210722,135.666714386567,1.0,1.43850654421382,15.3878571428571,2.15833333333333,98.7756118774,65115,0.0,0.0,0.0721215073196321,0.073044045909743,-2.35275994582846,3.93510479772318,1.54627065336978,-0.730595281538085,0.499182372846273,0.499182372846273,-3.57202451192473,-4.39202792912605,1.0,dexmedia,0.0,0.187036171255068,0.0607246773449571,-0.251421524246248,0.0,,0.140588317575944,0.33306503138253,-0.256601172684529,0.0,0.0,0.0,0,0,0,4.592850730936835,28.036051417951544,1.0,0.0,4.39202792912605,1.0,4.596067295638036,4.590732431239446,4.585769411226485,-1.65056109721774
Australia,AUS,2020,42544629264.9892,1497345824797.34,-0.133531904304775,0.846900734607273,-8.70438420828222,44.499564103879,23.9380373915413,141.704749324425,0.28,1.45308511847016,29.2513043478261,0.375833333333333,97.9983673096,54884,0.0,0.0,0.0100835107321499,-0.309797755233049,-0.72,0.542766704860493,-6.79090850879328,-0.782518360229572,-2.02838195260037,-2.02838195260037,-7.80676929356777,-8.70438420828222,1.0,dexmedia,0.0,-0.265584652385927,-1.8269483869938,-0.0641510867793529,0.0,,0.0196560479914712,-1.41261067598078,-0.0785260071519132,0.0,0.0,0.0,0,0,0,4.584950818425669,28.034715206575573,1.0,0.0,8.70438420828222,1.0,4.592850730936835,4.596067295638036,4.590732431239446,0.499182372846273
Australia,AUS,2021,57877502314.3513,1527396783519.68,2.00694844335034,2.86391284709318,-6.35138360128952,40.2022359390595,22.0018144228925,138.339567139855,1.0,1.33122425957081,19.6561507936508,0.08,99.1217422485,60875,0.0,0.0,-0.0875899493080847,0.307775122691428,0.72,-4.7981811390884,6.65802970427474,-0.730595281538085,0.138902510129886,0.138902510129886,-5.50671365994659,-6.35138360128952,1.0,dexmedia,0.0,-0.97819699261416,1.21811012919835,0.101010626454309,0.0,,-0.17074135119239,1.40338790959975,0.0785260071519132,0.0,0.0,0.0,0,0,0,4.596348814330454,28.054585953545185,1.0,0.0,6.35138360128952,1.0,4.584950818425669,4.592850730936835,4.596067295638036,-2.02838195260037
Australia,AUS,2022,56701901829.646,1592357665099.43,4.25304559238732,6.59409658717841,-2.2058950449653,45.6946418805752,25.4615298373659,133.643883130746,1.91,1.44166445896522,25.6371484375,1.68333333333333,99.6714172363,77935,0.0,0.0,0.0796993056059555,-0.0205209958645405,0.91,4.34947075610867,-0.49130338963946,-0.664970279303009,-0.281095286410717,-0.281095286410717,-1.46083544782455,-2.2058950449653,1.0,dexmedia,0.0,0.242322761577249,-0.400615251037549,0.122802796950417,0.0,,0.155359915558257,-0.0935712972426174,0.0992481479281126,0.0,0.0,0.0,0,0,0,4.601878948164917,28.09623684212474,1.0,0.0,2.2058950449653,0.0,4.596348814330454,4.584950818425669,4.592850730936835,0.138902510129886
Australia,AUS,2023,61703347652.0138,1649424913623.6,3.58382100798981,5.59701792296707,-1.2633303898281,49.044339318428,26.701068252275,126.962120898014,3.85,1.50519106560509,16.8490272373541,5.02416666666667,99.2270202637,88446,0.0,0.0,0.0431215236723452,0.0845304342200421,1.94,2.34934787935523,1.79641072946207,-0.525066428384278,-0.148122621194869,-0.148122621194869,-0.534147322817338,-1.2633303898281,1.0,dexmedia,0.0,-0.0245437830637488,0.117360462035041,0.240939300166161,0.0,,0.0840579001980457,0.385440474656428,0.211583963714877,0.0,0.0,0.0,0,0,0,4.597410358892193,28.131447805890012,1.0,0.0,1.2633303898281,0.0,4.601878948164917,4.596348814330454,4.584950818425669,-0.281095286410717
Brazil,BRA,1995,51842389630.8017,1066858717573.94,4.2237936336472,66.0070335542481,-3.46804439954558,16.9844599991956,7.52887503847073,43.4945248168898,1.71,0.917666666666667,12.3887698412698,5.83666666666667,89.4229431152,20963,0.0,0.0,0.0910081015561963,0.148674459531975,0.11,,,-0.679393356717312,0.0,0.0,0.946581586371914,-4.99419318646345,1.0,dexmedia,0.0,0.0,0.0,0.0,0.0,,,,,0.0,0.0,0.0,1,1,1,4.493377283652705,27.69573966858504,0.0,0.0,3.46804439954558,0.0,,,,
Brazil,BRA,1996,60152476087.5829,1090424176256.21,2.20886405051482,15.7576656002606,-3.46804439954558,15.6355914783829,6.73020968471254,40.7784936778552,1.82,1.0051,16.4421653543307,5.29833333333333,86.5235977173,23809,0.0,0.0,0.0910081015561963,0.148674459531975,0.11,2.80751618422164,3.6312900306175,-0.671460664139445,0.727418485250831,0.727418485250831,0.946581586371914,-4.99419318646345,1.0,dexmedia,0.0,0.324830205707364,0.43363456914185,0.0310462895983827,0.0,,0.177404443682273,0.677923339446247,0.0119970288704312,0.0,0.0,0.0,0,0,0,4.460417182713395,27.717587888998025,0.0,0.0,3.46804439954558,0.0,4.493377283652705,,,0.0
Brazil,BRA,1997,52208520617.4321,1127442397626.76,3.39484598531597,6.92671251629154,-3.46804439954558,16.5762092633371,6.98364957728647,40.8522371718746,1.93,1.07799166666667,22.363984063745,5.46,90.8894195557,26431,0.0,0.0,0.0700127030434987,-0.141636894999777,0.11,2.1420179023359,-3.59393435690223,-0.663527971561579,-0.857195500487765,-0.857195500487765,0.946581586371914,-4.99419318646345,1.0,dexmedia,0.0,0.171650620772064,-0.997799831661446,0.0310462895983827,0.0,,0.136477570916634,-0.645833569190785,0.0119970288704312,0.0,0.0,0.0,0,0,0,4.509643597881879,27.750972818438807,0.0,0.0,3.46804439954558,0.0,4.460417182713395,4.493377283652705,,0.727418485250831
Brazil,BRA,1998,44487193726.0979,1131254256718.86,0.338097901952338,3.19507629280051,-3.46804439954558,16.438584928207,7.03050033464164,29.5322605651131,77.6168379916665,1.16051666666667,25.6029761904762,5.35333333333333,92.6849594116,26432,0.0,0.0,0.0737655661629105,-0.160044345467828,75.6868379916665,2.26099342051201,-4.05205615599035,4.7946576464262,-9.58890985820759,-9.58890985820759,0.946581586371914,-4.99419318646345,1.0,dexmedia,0.0,0.199031001982872,-1.08856120705977,8.6993796531307,0.0,,0.143793123955656,-0.729767557121702,8.25470164088792,0.0,0.0,0.0,0,0,0,4.529206209263279,27.754348094798868,0.0,0.0,3.46804439954558,0.0,4.509643597881879,4.460417182713395,4.493377283652705,-0.857195500487765
Brazil,BRA,1999,36342324443.4703,1136547820360.71,0.467937566679467,4.85844749902666,-3.46804439954558,20.982166473881,9.56489825956504,29.8269102040964,67.060917103827,1.81393284657213,24.3729761904762,4.97,82.3565750122,23309,0.0,0.0,0.446632023222491,-0.202218341624853,-10.5559208878395,14.0806425532752,-5.10167609264221,4.0334133257034,2.81519448172279,2.81519448172279,0.946581586371914,-4.99419318646345,1.0,dexmedia,0.0,2.91941418947704,-1.29650797860744,-1.19228827085319,0.0,,0.870631342216799,-0.922071846658499,-1.15126988768544,0.0,0.0,0.0,0,0,0,4.411058295721791,27.759016556222004,0.0,0.0,3.46804439954558,0.0,4.529206209263279,4.509643597881879,4.460417182713395,-9.58890985820759
Brazil,BRA,2000,33015297295.6899,1186418964121.03,4.38794944364869,7.04414105947265,-3.46804439954558,22.6397613589755,10.1880480058491,31.140985776572,48.5047281831843,1.82942312207561,23.315,6.23583333333333,76.5632553101,26340,0.0,0.0,0.0085033518407773,-0.0960120162211453,-18.5561889206427,0.192277992846092,-2.45842938376501,2.69522657911917,1.05993297056792,1.05993297056792,0.946581586371914,-4.99419318646345,1.0,dexmedia,0.0,-0.277113277716182,-0.772837838281781,-2.10988408656588,0.0,,0.0165758034389524,-0.437794002201216,-2.02381031096478,0.0,0.0,0.0,0,0,0,4.338117265965161,27.80196061223529,0.0,0.0,3.46804439954558,0.0,4.411058295721791,4.529206209263279,4.509643597881879,2.81519448172279
Brazil,BRA,2001,35866445530.2453,1202908958645.15,1.3898964044581,6.84035902487523,-3.46804439954558,26.936285024943,12.3717106723871,29.0040380203225,45.6378187168125,2.34963170932244,25.7496774193548,3.8875,76.4426345825,26541,0.0,0.0,0.250257913118799,0.0828311850537915,-2.8669094663718,7.85589006391138,1.99259273170803,2.48847829325279,1.90606949564194,1.90606949564194,3.12955380746812,-3.46804439954558,1.0,dexmedia,0.0,1.48669526968466,0.108981996383807,-0.310392229573473,0.0,,0.487834215797949,0.377692266437193,-0.3126763239725,0.0,0.0,0.0,0,0,0,4.336540584797233,27.81576387145811,0.0,0.0,3.46804439954558,0.0,4.338117265965161,4.411058295721791,4.529206209263279,1.05993297056792
Brazil,BRA,2002,37832146718.419,1239639324869.85,3.05346185683619,8.45016437708331,-4.14852254251593,27.6183574077173,14.2305902741157,29.6451419426432,48.3404374497978,2.92036301775519,27.2924603174603,1.66666666666667,75.6583938599,25650,0.0,0.0,0.217449333264961,0.0533569899636532,2.7026187329853,6.81592901780294,1.25904349278413,2.68337868928874,0.882573941649213,0.882573941649213,3.3558242369091,-4.14852254251593,1.0,dexmedia,0.0,1.2473283130971,-0.0363460320567651,0.328408339391117,0.0,,0.423879603434328,0.243296319575188,0.294758136049025,0.0,0.0,0.0,0,0,0,4.32622839058807,27.84584158619503,0.0,0.0,4.14852254251593,1.0,4.336540584797233,4.338117265965161,4.411058295721791,1.90606949564194
Brazil,BRA,2003,49297286966.3088,1253781489768.13,1.14082899877101,14.7149197228147,-5.40068577264142,28.1403847215489,15.1807837057459,27.6856699440399,46.447398837078,3.07747511847802,21.9828571428571,1.1275,76.7036590576,29940,0.0,0.0,0.0524015643630835,0.264709864934407,-1.8930386127198,1.58387631903095,6.51916137234185,2.54686147699113,1.2476244574956,1.2476244574956,3.55341313192191,-5.40068577264142,1.0,dexmedia,0.0,0.0431621373706877,1.00576882573026,-0.198693494394659,0.0,,0.102147723279046,1.20701966017306,-0.206462171724004,0.0,0.0,0.0,0,0,0,4.339949413331791,27.85718529237225,0.0,0.0,5.40068577264142,1.0,4.32622839058807,4.336540584797233,4.338117265965161,0.882573941649213
Brazil,BRA,2004,52934865185.6721,1325998860202.27,5.75996463685998,6.59718509985963,-2.95499530732984,29.6782524803495,16.5457615138976,29.3727702559767,43.7791527215823,2.92511944951586,15.4786561264822,1.34916666666667,77.2665100098,34576,0.0,0.0,-0.0507741767737642,0.0711931505770913,-2.6682461154957,-1.68683980965051,1.70294711774488,2.35443987557011,-0.370389198294646,-0.370389198294646,4.05109715220811,-2.95499530732984,1.0,dexmedia,0.0,-0.709594100772453,0.0515984919233871,-0.28760641055442,0.0,,-0.0989754146054015,0.324625349484061,-0.291009324372889,0.0,0.0,0.0,0,0,0,4.347260614752311,27.913187148115885,0.0,0.0,2.95499530732984,0.0,4.339949413331791,4.32622839058807,4.336540584797233,1.2476244574956
Brazil,BRA,2005,53799284976.6774,1368459094848.72,3.20213206216255,6.86953720898964,-3.36357468039219,27.0867952052479,15.2438292651669,31.8397841553463,44.6351688572486,2.43439003623188,12.8070634920635,3.21333333333333,77.2572860718,40386,0.0,0.0,-0.183639090604143,0.016197977680978,0.856016135666302,-5.89869134647412,0.334235704284011,2.41617181053314,-2.0151350947713,-2.0151350947713,3.86478716302828,-3.36357468039219,1.0,dexmedia,0.0,-1.67895852320498,-0.219565488171686,0.116611083394634,0.0,,-0.357972423881733,0.0738592704915987,0.093360457210396,0.0,0.0,0.0,0,0,0,4.347141229411737,27.94470647447893,0.0,0.0,3.36357468039219,0.0,4.347260614752311,4.339949413331791,4.32622839058807,-0.370389198294646
Brazil,BRA,2006,85842861115.1295,1422677289673.84,3.96198870899485,4.18356812896909,-4.86843883127353,26.0416998879446,14.3743163021339,35.4251666759672,41.240326487245,2.17532666666667,12.8065338645418,4.96416666666667,78.8623428345,46545,0.0,0.0,-0.112517381853266,0.467258251875244,-3.3948423700036,-3.64409026365896,11.5601545065517,2.17135143897357,1.21535117276316,1.21535117276316,1.50665241757388,-4.86843883127353,1.0,dexmedia,0.0,-1.1600641654837,2.00447150948154,-0.370943828765313,0.0,,-0.219333039487026,2.13059644199988,-0.370254744759057,0.0,0.0,0.0,0,0,0,4.367703836789569,27.983561627640558,0.0,0.0,4.86843883127353,1.0,4.347141229411737,4.347260614752311,4.339949413331791,-2.0151350947713
Brazil,BRA,2007,180333622535.832,1509031960316.93,6.06987060733128,3.64127299102652,-2.66019020913456,25.2926113757805,13.3276751043,40.6909379439314,35.0225154508309,1.94705833333333,17.5359362549801,5.01916666666667,80.3990020752,55943,0.0,0.0,-0.110859158269474,0.742290165329464,-6.2178110364141,-3.59150633200352,18.4051065121004,1.72295158934505,2.90732778942961,2.90732778942961,2.88045737896763,-2.66019020913456,1.0,dexmedia,0.0,-1.1479659907269,3.36056776989862,-0.694726010257885,0.0,,-0.216100621412666,3.38468240814443,-0.678138713770415,0.0,0.0,0.0,0,0,0,4.387001764107891,28.04248947528913,0.0,0.0,2.66019020913456,0.0,4.367703836789569,4.347141229411737,4.347260614752311,1.21535117276316
Brazil,BRA,2008,193783363540.648,1585904997750.07,5.09419544811998,5.67859390284168,-2.39297133780789,27.2575694165953,13.534000513391,45.7822559944444,35.3667577888094,1.83376666666667,32.694861660079,1.9275,86.2355880737,70588,0.0,0.0,-0.0599475472872337,0.0719322584406008,0.3442423379785,-1.97760243253419,1.72134192069376,1.74777675879477,-0.779191831738549,-0.779191831738549,3.21331011077551,-2.39297133780789,1.0,dexmedia,0.0,-0.776521770035847,0.0552428014042828,0.0579128631069852,0.0,,-0.116857302753882,0.327995521285046,0.0375444115195709,0.0,0.0,0.0,0,0,0,4.457082947151897,28.0921763368112,0.0,0.0,2.39297133780789,0.0,4.387001764107891,4.367703836789569,4.347141229411737,2.90732778942961
Brazil,BRA,2009,238539464848.441,1583909738906.86,-0.12581200299141,4.88803479876798,-4.2304586772513,22.1059756060711,10.8513711350383,47.4942898468856,34.792009638163,1.99942817314426,31.4790079365079,0.16,92.5796051025,55719,0.0,0.0,0.0864890869738411,0.207793915373816,-0.5747481506464,2.66441392087052,5.10264596436787,1.70632857344227,1.0644855181986,1.0644855181986,0.911778652934064,-4.2304586772513,1.0,dexmedia,0.0,0.291860087153858,0.725134097244279,-0.0474913338004652,0.0,,0.168595411801965,0.947495255542073,-0.062684274150289,0.0,0.0,0.0,0,0,0,4.528068870120923,28.09091742468384,0.0,0.0,4.2304586772513,1.0,4.457082947151897,4.387001764107891,4.367703836789569,-0.779191831738549
Brazil,BRA,2010,288574623536.621,1703150040806.99,7.52822581812151,5.03872690108074,-3.55374505575644,22.7721781132208,10.8655847760176,52.7646576299427,29.1158055183637,1.75922671058718,22.5488888888889,0.175,101.5840148926,68249,0.0,0.0,-0.127986882736369,0.19041894523799,-5.6762041197993,-4.13443516725654,4.67022037715554,1.29698691624604,-0.0008579288785636,-0.0008579288785636,1.57959122762013,-3.55374505575644,1.0,dexmedia,0.0,-1.27292754947695,0.639463559123349,-0.632606061475037,0.0,,-0.249488137234173,0.868269154338559,-0.619068951815388,0.0,0.0,0.0,0,0,0,4.6208861890318795,28.163500617549083,0.0,0.0,3.55374505575644,0.0,4.528068870120923,4.457082947151897,4.387001764107891,1.0644855181986
Brazil,BRA,2011,352010222755.829,1770840429106.43,3.97442307944702,6.6364496221309,-2.7413265090143,23.9344051765103,11.5825126792652,58.0784911068154,32.8334595056712,1.67282875525659,24.2025793650794,0.101666666666667,107.2119598389,83950,0.0,0.0,-0.0503582846349871,0.198706504156153,3.7176539873075,-1.67361599463138,4.87647987019224,1.56508697253867,-0.471061342102217,-0.471061342102217,2.73716328737485,-2.7413265090143,1.0,dexmedia,0.0,-0.70655980803649,0.680326917545126,0.444828451610854,0.0,,-0.098164705314141,0.906058628302985,0.405461838327288,0.0,0.0,0.0,0,0,0,4.674807808075097,28.202475368527754,1.0,0.0,2.7413265090143,0.0,4.6208861890318795,4.528068870120923,4.457082947151897,-0.0008579288785636
Brazil,BRA,2012,373160977539.731,1804861390164.77,1.92117598509462,5.40349914036997,-2.35132605423843,25.1142736103322,11.8775390706917,62.5192932013758,26.5820905353339,1.95306861112487,17.79888,0.14,100.0,80947,0.0,0.0,0.154885723542102,0.0583496846192197,-6.2513689703373,4.83256084752817,1.38330091028335,1.11426707951596,1.47771902817194,1.47771902817194,2.22072548978408,-2.35132605423843,1.0,dexmedia,0.0,0.790872687184314,-0.0117286177836936,-0.698574958771314,0.0,,0.301922742585131,0.266061926017558,-0.681798672880493,0.0,0.0,0.0,0,0,0,4.605170185988092,28.221504912612243,1.0,0.0,2.35132605423843,0.0,4.674807808075097,4.6208861890318795,4.528068870120923,-0.471061342102217
Brazil,BRA,2013,358816422466.117,1859094274383.73,3.0048226702888,6.204310666401,-3.42213266452873,25.7859573281452,11.7422306467311,64.2305738280513,18.498844416907,2.15608915126311,14.230119047619,0.1075,100.0545959473,83026,0.0,0.0,0.0988942200776309,-0.0391990020485089,-8.0832461184269,3.05766557690728,-1.0444758159112,0.531340656891313,0.798338876782853,0.798338876782853,1.51975676742663,-3.42213266452873,1.0,dexmedia,0.0,0.38236625872076,-0.492710651967604,-0.908683270029698,0.0,,0.192777058264763,-0.178738960648249,-0.881590336814258,0.0,0.0,0.0,0,0,0,4.605715996479441,28.251110535799306,1.0,0.0,3.42213266452873,0.0,4.605170185988092,4.674807808075097,4.6208861890318795,1.47771902817194
Brazil,BRA,2014,363570226084.66,1868463286696.58,0.503955740273241,6.32904015516138,-6.27493165863038,24.685405813292,11.0119428189165,66.0285103939577,22.4036724327293,2.35295196276669,14.1759920634921,0.0891666666666667,94.2334823608,71935,0.0,0.0,0.0873746917236409,0.0131615728275456,3.9048280158223,2.69250913220257,0.258666126811704,0.812938840700019,-0.402512205901088,-0.402512205901088,-0.90003011676475,-6.27493165863038,1.0,dexmedia,0.0,0.298321339504416,-0.23453704989024,0.466296495515264,0.0,,0.17032174402156,0.0600139219049641,0.425875767635351,0.0,0.0,0.0,0,0,0,4.545775557503124,28.25613743713547,1.0,0.0,6.27493165863038,1.0,4.605715996479441,4.605170185988092,4.674807808075097,0.798338876782853
Brazil,BRA,2015,356464980327.488,1802211999456.42,-3.54576339347278,9.02990102416136,-9.28137705892688,26.9536259372369,12.9001914186486,66.8297006472797,33.8323439713292,3.32690438276879,16.674126984127,0.1325,85.9460983276,56784,0.0,0.0,0.346371562625353,-0.0197364693657889,11.4286715385999,10.9028256302525,-0.560095292769419,1.63712191241931,0.461931947052882,0.461931947052882,-0.852730095373852,-9.28137705892688,1.0,dexmedia,0.0,2.18792744344535,-0.396746996485583,1.32924849990689,0.0,,0.675191036008668,-0.0899940263005066,1.24645547635689,0.0,0.0,0.0,0,0,0,4.453720336122514,28.220035914952028,1.0,0.0,9.28137705892688,1.0,4.545775557503124,4.605715996479441,4.605170185988092,-0.402512205901088
Brazil,BRA,2016,364984039092.456,1743173031878.48,-3.2759169063211,8.73914352329393,-7.99061406933455,24.5336820770756,12.4666790428125,62.1940069637572,40.6983614299632,3.49131342157271,15.8256349206349,0.395,91.9379577637,57733,0.0,0.0,0.0482357471278487,0.0236176209837247,6.866017458634,1.45182423284691,0.518894646832851,2.13226741908845,-0.976144647703147,-0.976144647703147,-2.00758750074893,-7.99061406933455,1.0,dexmedia,0.0,0.012768898841604,-0.18298154992934,0.805931996615412,0.0,,0.0940271881128166,0.107691237200153,0.748834633419243,0.0,0.0,0.0,0,0,0,4.521113977424176,28.186728149988177,1.0,0.0,7.99061406933455,1.0,4.453720336122514,4.545775557503124,4.605715996479441,0.461931947052882
Brazil,BRA,2017,373955518686.487,1766232928473.27,1.32286905390815,3.44637335032669,-7.96967133406469,24.3197343741684,12.5189678705014,59.4843092970149,41.7138078837267,3.19138944630048,11.0902390438247,1.00166666666667,91.5973358154,58428,0.0,0.0,-0.0898216189059791,0.0242832322354225,1.0154464537635,-2.92467040499629,0.535460277398973,2.205496733152,-1.30907562591919,-1.30907562591919,-1.6245673120913,-7.96967133406469,1.0,dexmedia,0.0,-0.994478951849725,-0.179699629231547,0.134897044837913,0.0,,-0.175091602397802,0.110726280367247,0.110748549292524,0.0,0.0,0.0,0,0,0,4.517402186272392,28.199870105490522,1.0,0.0,7.96967133406469,1.0,4.521113977424176,4.453720336122514,4.545775557503124,-0.976144647703147
Brazil,BRA,2018,374709673447.827,1797736638146.82,1.78366676137003,3.66485028376728,-6.99013817799185,28.876203376153,14.6349994958796,60.2183479382346,33.1023342525489,3.65382536145755,16.6398406374502,1.83166666666667,85.9926223755,61622,0.0,0.0,0.135318277944129,0.0020146656325117,-8.6114736311778,4.21238976557933,-0.0187563868232904,1.58447697898351,1.32788095349941,1.32788095349941,-0.866907919393884,-6.99013817799185,1.0,dexmedia,0.0,0.648111253381148,-0.289498959483025,-0.969268659601292,0.0,,0.263779415329282,0.0091864390007498,-0.939200888819972,0.0,0.0,0.0,0,0,0,4.454261506242255,28.217549566358947,1.0,0.0,6.99013817799185,1.0,4.517402186272392,4.521113977424176,4.453720336122514,-1.30907562591919
Brazil,BRA,2019,356886386911.978,1819683008336.22,1.22077782271943,3.73297621216893,-4.85852620319399,28.8902578697354,14.1229191909095,62.7905050793429,31.9030727574424,3.9444710972507,15.3878571428571,2.15833333333333,91.170211792,65115,0.0,0.0,0.0765402131573876,-0.0487340347952347,-1.1992614951065,2.34909905117354,-1.2817822459286,1.49799177206394,-0.201330174596285,-0.201330174596285,-0.0827752889075454,-4.85852620319399,1.0,dexmedia,0.0,0.219274450788996,-0.539724913288742,-0.119120287903461,0.0,,0.14920181502879,-0.22221664512572,-0.130796134363538,0.0,0.0,0.0,0,0,0,4.5127282186389746,28.229683430603846,1.0,0.0,4.85852620319399,1.0,4.454261506242255,4.517402186272392,4.521113977424176,1.32788095349941
Brazil,BRA,2020,355614251456.139,1760056385298.89,-3.27675879612903,3.21176803803376,-11.6368880863939,32.3020785443492,16.4535520099709,68.6961548472792,21.197179669345,5.15517878751281,29.2513043478261,0.375833333333333,99.3710708618,54884,0.0,0.0,0.26768692304543,-0.0035709071378313,-10.7058930880974,8.40861062042541,-0.15776926375207,0.725932148069583,2.50630472370344,2.50630472370344,-7.53586244881552,-11.6368880863939,1.0,dexmedia,0.0,1.61385496635724,-0.317039670126449,-1.20948942747265,0.0,,0.52180903515024,-0.0162825632549917,-1.16762644056049,0.0,0.0,0.0,0,0,0,4.598861033695219,28.196366961567072,1.0,0.0,11.6368880863939,1.0,4.5127282186389746,4.454261506242255,4.517402186272392,-0.201330174596285
Brazil,BRA,2021,362210079181.317,1843880907790.44,4.7626043797061,8.30165975585673,-2.63074887774094,37.6563307592575,19.1094303686964,68.8052246831437,15.0108849846561,5.39440078962503,19.6561507936508,0.08,103.8411712646,60875,0.0,0.0,0.045359725599657,0.018377792682621,-6.1862946846889,1.36066765271532,0.388486605133483,0.279805112344812,0.474079554634327,0.474079554634327,1.9785279745821,-2.63074887774094,1.0,dexmedia,0.0,-0.0082141648371805,-0.208817502837899,-0.691111222309407,0.0,,0.0884208850419627,0.0837987548518632,-0.674701417574616,0.0,0.0,0.0,0,0,0,4.6428625324048785,28.242893655349594,1.0,0.0,2.63074887774094,0.0,4.598861033695219,4.5127282186389746,4.454261506242255,2.50630472370344
Brazil,BRA,2022,324673449781.4,1899505159031.73,3.01669435408112,9.28010608956872,-3.96469564579606,38.8160659764321,19.6307650034838,70.6060973784652,28.3960928180404,5.16397029102111,25.6371484375,1.68333333333333,93.6983337402,77935,0.0,0.0,-0.0436558049433204,-0.109404465423349,13.3852078333843,-1.4612042125452,-2.79173860186451,1.24508455628194,-3.05018590721794,-3.05018590721794,1.30680490951971,-3.96469564579606,1.0,dexmedia,0.0,-0.657659423669607,-0.838871812495312,1.55365467105302,0.0,,-0.085099388483445,-0.498860670377464,1.45984295285303,0.0,0.0,0.0,0,0,0,4.540080406164167,28.272614525564997,1.0,0.0,3.96469564579606,0.0,4.6428625324048785,4.598861033695219,4.5127282186389746,0.474079554634327
Brazil,BRA,2023,355021395541.562,1961080569227.7,3.24165532813583,4.59356282283203,-7.71244013515604,33.6662298301284,17.9693243032658,71.0755405508788,36.554470620355,4.99437976287199,16.8490272373541,5.02416666666667,99.1296310425,88446,0.0,0.0,-0.0333924870801749,0.0893581494837754,8.1583778023146,-1.13584707486712,2.15503481962458,1.83342912937148,-1.39577531737184,-1.39577531737184,-2.1676065394443,-7.71244013515604,1.0,dexmedia,0.0,-0.582779646113354,0.141164414577432,0.95416008583592,0.0,,-0.065092837805961,0.407453810798953,0.88978449118412,0.0,0.0,0.0,0,0,0,4.596428398081862,28.30451674808545,1.0,0.0,7.71244013515604,1.0,4.540080406164167,4.6428625324048785,4.598861033695219,-3.05018590721794
Canada,CAN,1995,16369362023.5161,955122057479.248,2.68232822733793,2.14876033057849,-5.48964011250317,69.0617480799547,36.0980542819385,73.950513515171,6.24124775519778,1.37244541833333,12.3887698412698,5.83666666666667,51.760925293,20963,0.0,0.0,-0.0065233345054558,0.275534943075783,-1.92630983400226,,,-0.352620670934308,0.0,0.0,0.084653946930152,-5.48964011250317,1.0,dexmedia,0.0,0.0,0.0,0.0,0.0,,,,,0.0,0.0,0.0,1,1,1,3.9466355266364155,27.585104978139075,0.0,0.0,5.48964011250317,1.0,,,,
Canada,CAN,1996,21562298749.7584,971253698681.489,1.68896122499937,1.57053112507137,-3.05256596040631,70.2600734560392,37.0984399314286,78.6330849908238,4.31493792119552,1.36352163583333,16.4421653543307,5.29833333333333,52.5427856445,23809,0.0,0.0,-0.0065233345054558,0.275534943075783,-1.92630983400226,-0.565630862638645,11.8239640338197,-0.491537250233039,0.874907508433019,0.874907508433019,2.14064575255224,-3.05256596040631,1.0,dexmedia,0.0,-0.386745946802071,1.05914389701516,-0.202509558219928,0.0,,-0.0127161044907544,1.2563796722859,-0.210090860835642,0.0,0.0,0.0,0,0,0,3.9616278023513387,27.601853546787286,0.0,0.0,3.05256596040631,0.0,3.9466355266364155,,,0.0
Canada,CAN,1997,18718498839.7577,1012824977387.95,4.28016683621337,1.6212163808453,0.0387021653365324,74.3366100816522,38.1329701894927,81.5312687797375,3.77105924384815,1.38459802833333,22.363984063745,5.46,51.6462974548,26431,0.0,0.0,0.0153390742212932,-0.141434083753328,-0.54387867734737,1.33698235336854,-6.25545412221712,-0.530759271569887,-1.18008986564791,-1.18008986564791,4.71989996978805,0.0387021653365324,1.0,dexmedia,0.0,-0.227240772731477,-0.996799832899754,-0.0439507399833204,0.0,,0.0299008536855292,-0.644908793826524,-0.0593175290377121,0.0,0.0,0.0,0,0,0,3.9444185077066862,27.643764549750188,0.0,0.0,0.0387021653365324,0.0,3.9616278023513387,3.9466355266364155,,0.874907508433019
Canada,CAN,1998,24023245895.1668,1052253104641.38,3.89288654344983,0.995942456658019,0.142682776423957,78.0811853628611,40.0291747604299,79.8625398131638,6.79236179380984,1.48350530166667,25.6029761904762,5.35333333333333,44.0697212219,26432,0.0,0.0,0.0689978692346456,0.249509662893136,3.02130254996169,6.00674845083014,10.6955302826889,-0.312876868719256,0.730107937042242,0.730107937042242,4.79784125850036,0.142682776423957,1.0,dexmedia,0.0,0.16424653070326,0.93082138822431,0.364959981885328,0.0,,0.134499329153418,1.13771003052642,0.32951503561998,0.0,0.0,0.0,0,0,0,3.7857729530317545,27.681954795071597,0.0,0.0,0.142682776423957,0.0,3.9444185077066862,3.9616278023513387,3.9466355266364155,-1.18008986564791
Canada,CAN,1999,28650287867.4575,1106349473970.81,5.14100353715349,1.73484295105918,1.65557624708932,80.1150293129295,41.8611849983679,77.2501108722246,4.42844747936203,1.48570481916667,24.3729761904762,4.97,47.4172325134,23309,0.0,0.0,0.0014815508588592,0.176141550296734,-2.36391431444781,0.131008452583771,7.51435206176289,-0.483351464509545,0.493423689168304,0.493423689168304,5.76053622931026,1.65557624708932,1.0,dexmedia,0.0,-0.328343386983124,0.569066194522394,-0.252700881629034,0.0,,0.0028880253670671,0.803167325230597,-0.257817711615054,0.0,0.0,0.0,0,0,0,3.8589857177658966,27.732086949199605,0.0,0.0,1.65557624708932,0.0,3.7857729530317545,3.9444185077066862,3.9616278023513387,0.730107937042242
Canada,CAN,2000,32427268296.4521,1163199675162.51,5.1385391803606,2.71943995691976,2.63970396113812,82.7653578503214,44.209235821106,73.987738492292,2.77523978507557,1.485394095,23.315,6.23583333333333,57.8474769592,26340,0.0,0.0,-0.0002091644719879,0.123836192087733,-1.65320769428646,-0.0161297304981758,5.24643674427962,-0.602573177292614,0.141672166522732,0.141672166522732,5.65858792066694,2.63970396113812,1.0,dexmedia,0.0,-0.340678617127305,0.311164848543471,-0.171185935106566,0.0,,-0.0004077297092962,0.564666218721768,-0.180305276701579,0.0,0.0,0.0,0,0,0,4.057809839191615,27.782195664463686,0.0,0.0,2.63970396113812,0.0,3.8589857177658966,3.7857729530317545,3.9444185077066862,0.493423689168304
Canada,CAN,2001,34252695467.5386,1185010810251.65,1.87509810696022,2.52512013979905,0.529468967089922,78.3442183943698,42.0399550909321,121.35283176137,4.17315129465872,1.548839955,25.7496774193548,3.8875,55.7636070251,26541,0.0,0.0,0.0418261137139726,0.0547655784659575,1.39791150958315,3.64208704801772,2.25159438042717,-0.501762247687305,-0.242159758843999,-0.242159758843999,3.38012639105739,0.529468967089922,1.0,dexmedia,0.0,-0.0339949187316221,-0.0294007231416987,0.178764116970678,0.0,,0.0815327240975019,0.249719178110499,0.152461679443428,0.0,0.0,0.0,0,0,0,4.021121452758558,27.800773013049263,0.0,0.0,0.529468967089922,0.0,4.057809839191615,3.8589857177658966,3.7857729530317545,0.141672166522732
Canada,CAN,2002,37189390323.6644,1220552310378.31,2.99925535017809,2.25839440940855,-0.233895789038062,75.7070320779233,40.0586585930818,117.839456406914,2.91416358806175,1.57034283416667,27.2924603174603,1.66666666666667,54.0419998169,25650,0.0,0.0,0.0137877266341924,0.0822582528532081,-1.25898770659697,1.20198407298638,3.44365308141693,-0.592554633466819,-0.0064315240066297,-0.0064315240066297,2.25585451547884,-0.233895789038062,1.0,dexmedia,0.0,-0.238559194686591,0.106157047071832,-0.125970623608129,0.0,,0.0268767717528069,0.37507981967318,-0.137310107850562,0.0,0.0,0.0,0,0,0,3.989761518641555,27.830324585654754,0.0,0.0,0.233895789038062,0.0,4.021121452758558,4.057809839191615,3.8589857177658966,-0.242159758843999
Canada,CAN,2003,36267581049.3033,1242600185731.73,1.80638512302554,2.75856321360112,-0.126957864812588,69.8400946170607,36.8659851985508,113.240980376842,1.39251006593115,1.4010145475,21.9828571428571,1.1275,61.0147819519,29940,0.0,0.0,-0.114097310277657,-0.0250992560545029,-1.5216535221306,-9.92749258207085,-1.21127611198939,-0.702289266203995,-1.43868308216586,-1.43868308216586,1.64463433664316,-0.126957864812588,1.0,dexmedia,0.0,-1.17159110935806,-0.423189218708606,-0.156097245900804,0.0,,-0.222412834784303,-0.114447172269193,-0.165957465779946,0.0,0.0,0.0,0,0,0,4.111116161897175,27.84822722404624,0.0,0.0,0.126957864812588,0.0,3.989761518641555,4.021121452758558,4.057809839191615,-0.0064315240066297
Canada,CAN,2004,34476385087.8753,1281025904587.38,3.09236384292251,1.85725871857256,0.767669538252837,70.1924199909562,37.3277713060483,115.443313139541,0.715785255573854,1.301281595,15.4786561264822,1.34916666666667,68.7975769043,34576,0.0,0.0,-0.0738470298036979,-0.0506496587319987,-0.676724810357296,-6.42458208071555,-2.31911958318027,-0.751091537843807,-1.36791315632824,-1.36791315632824,2.25846371761979,0.767669538252837,1.0,dexmedia,0.0,-0.877930512594356,-0.549170255192468,-0.0591876114585886,0.0,,-0.143951923135367,-0.230951475441716,-0.0738062462472141,0.0,0.0,0.0,0,0,0,4.231168524904835,27.878682360799008,0.0,0.0,0.767669538252837,0.0,4.111116161897175,3.989761518641555,4.021121452758558,-1.43868308216586
Canada,CAN,2005,33018041276.0769,1322152656986.39,3.21045439063563,2.21355203439767,1.55312009791853,69.7591330167357,36.8567073235071,121.661092958293,1.26073562439764,1.21140513416667,12.8070634920635,3.21333333333333,82.6158218384,40386,0.0,0.0,-0.0715686673868289,-0.0432204820471966,0.544950368823786,-6.22626917730036,-1.9969968757433,-0.711792231061317,-1.45478039769306,-1.45478039769306,2.53244606391435,1.55312009791853,1.0,dexmedia,0.0,-0.861307888873396,-0.512539310827843,0.0809331979918199,0.0,,-0.139510652411555,-0.19707603857548,0.0594344118884644,0.0,0.0,0.0,0,0,0,4.414201209864405,27.9102823249625,0.0,0.0,1.55312009791853,0.0,4.231168524904835,4.111116161897175,3.989761518641555,-1.36791315632824
Canada,CAN,2006,35063091947.1936,1357030300367.79,2.63794375007348,2.00202539534161,1.82760436294437,68.0521644769988,35.4024592168513,134.12080712347,3.16108200746548,1.13434472583333,12.8065338645418,4.96416666666667,92.0418014526,46545,0.0,0.0,-0.0657258036206358,0.0600949483565856,1.90034638306784,-5.71775513541128,2.48267127238141,-0.574748016076433,-1.05819361802584,-1.05819361802584,2.41059091115619,1.82760436294437,1.0,dexmedia,0.0,-0.818679145913471,-0.0031232686881699,0.236391203424198,0.0,,-0.128121007113738,0.274019950716448,0.207259185649858,0.0,0.0,0.0,0,0,0,4.522242837472366,27.9363198254692,0.0,0.0,1.82760436294437,0.0,4.414201209864405,4.231168524904835,4.111116161897175,-1.45478039769306
Canada,CAN,2007,41082108778.8237,1384848127424.16,2.04990463726786,2.13838399266837,1.81965580691923,66.2834197482347,34.229555163977,123.533648061052,2.71404282733283,1.07404562166667,17.5359362549801,5.01916666666667,95.1339645386,55943,0.0,0.0,-0.0546226766854666,0.15842365144001,-0.44703918013265,-4.75147357063295,6.74611921551755,-0.60698641958783,-0.223123780395564,-0.223123780395564,2.36799920895554,1.81965580691923,1.0,dexmedia,0.0,-0.737672235071337,0.48170478224014,-0.0328436724356331,0.0,,-0.106477394914542,0.722377543322307,-0.0487558359115026,0.0,0.0,0.0,0,0,0,4.555286051306364,27.956611594265855,0.0,0.0,1.81965580691923,0.0,4.522242837472366,4.414201209864405,4.231168524904835,-1.05819361802584
Canada,CAN,2008,43872316563.9077,1398632992945.77,0.995406301140747,2.37027067444298,0.184425128889388,67.0236083618983,34.3950055520687,124.097771689277,0.704688614980772,1.06708691833333,32.694861660079,1.9275,107.621307373,70588,0.0,0.0,-0.0065000439758754,0.0657108017692245,-2.00935421235206,-0.563592478337676,2.72616984329962,-0.75189177637537,-0.149974890068544,-0.149974890068544,0.465528613957047,0.184425128889388,1.0,dexmedia,0.0,-0.386576022251609,0.024566746322389,-0.212034385860676,0.0,,-0.0126707036597005,0.29962702614367,-0.219148004513729,0.0,0.0,0.0,0,0,0,4.678618652036176,27.966516441917754,0.0,0.0,0.184425128889388,0.0,4.555286051306364,4.522242837472366,4.414201209864405,-0.223123780395564
Canada,CAN,2009,54356329766.8961,1357861635362.94,-2.91508621550267,0.299466803009299,-3.88135176862462,58.4743918224897,28.5158343165743,,4.83312174515317,1.1415354059127,31.4790079365079,0.16,74.7211837769,55719,0.0,0.0,0.0674417740300153,0.214277550859244,4.1284331301724,5.87120393223908,9.1678962259702,-0.454168223194138,0.418053318837039,0.418053318837039,-2.77604888585113,-3.88135176862462,1.0,dexmedia,0.0,0.152893470773442,0.757102873977383,0.491943025913786,0.0,,0.131465992567184,0.977059229299706,0.450263013202935,0.0,0.0,0.0,0,0,0,4.313763636633689,27.936932251334255,0.0,0.0,3.88135176862462,0.0,4.678618652036176,4.555286051306364,4.522242837472366,-0.149974890068544
Canada,CAN,2010,57151157771.2186,1399830508940.89,3.09080634469335,1.77687154092627,-4.73755858174554,60.2081215044483,29.1673819330319,,-0.237699919212513,1.03011273517598,22.5488888888889,0.175,90.212677002,68249,0.0,0.0,-0.102705955633686,0.0501385786613469,-5.07082166436568,-8.93591357262073,2.05097165093666,-0.819852490290473,-0.577525001948307,-0.577525001948307,-3.90018774969269,-4.73755858174554,1.0,dexmedia,0.0,-1.08848132817629,-0.0522150105935708,-0.563171336821553,0.0,,-0.200207372865583,0.228621060995877,-0.5530435809473,0.0,0.0,0.0,0,0,0,4.502169960452723,27.967372280178576,0.0,0.0,4.73755858174554,1.0,4.313763636633689,4.678618652036176,4.555286051306364,0.418053318837039
Canada,CAN,2011,65818985667.1988,1443745913580.69,3.13719442170364,2.91213508872351,-3.30873255346625,62.4987387708328,30.6783919173107,,-0.236773145019819,0.989258158636364,24.2025793650794,0.101666666666667,106.6302261353,83950,0.0,0.0,-0.0404681993351463,0.141208684188801,0.0009267741926939,-3.51964821589479,5.99969305085985,-0.819785655610839,-0.256115983269774,-0.256115983269774,-2.70086237072753,-3.30873255346625,1.0,dexmedia,0.0,-0.634403084729327,0.396823168250813,0.01853606679126,0.0,,-0.0788857065152806,0.643881020623414,0.0001010776067829,0.0,0.0,0.0,0,0,0,4.669367018775284,27.998262180792207,1.0,0.0,3.30873255346625,0.0,4.502169960452723,4.313763636633689,4.678618652036176,-0.577525001948307
Canada,CAN,2012,68546343361.9692,1469093201732.39,1.75566129145483,1.51567823124516,-2.52451700716013,62.5955489395005,30.3530255225878,,1.76011030499221,0.999364743593074,17.79888,0.14,100.0,80947,0.0,0.0,0.0101644931880585,0.0406017292562595,1.99688345001203,0.886631031934365,1.63746206822995,-0.675779632676527,-0.611695628180565,-0.611695628180565,-1.82152921326116,-2.52451700716013,1.0,dexmedia,0.0,-0.264993815352012,-0.0992382292883445,0.247463583540209,0.0,,0.0198139091850664,0.185135092949681,0.217787894551641,0.0,0.0,0.0,0,0,0,4.605170185988092,28.015666456807075,1.0,0.0,2.52451700716013,0.0,4.669367018775284,4.502169960452723,4.313763636633689,-0.256115983269774
Canada,CAN,2013,71937085415.7951,1503261570451.97,2.32581354806429,0.938291897815316,-1.49470599769641,62.2310749013405,30.3319386683867,,1.23771666507039,1.03013736373016,14.230119047619,0.1075,101.8452682495,83026,0.0,0.0,0.0303276144620971,0.0482818614041349,-0.52239363992182,2.6413175866973,1.97046598857142,-0.713452252223185,-0.13776981457838,-0.13776981457838,-0.993561824515954,-1.49470599769641,1.0,dexmedia,0.0,-0.117886412466115,-0.0613699021024653,-0.0414864999902001,0.0,,0.0591184024263659,0.220154832382172,-0.0569742870897428,0.0,0.0,0.0,0,0,0,4.623454683562188,28.038658243794373,1.0,0.0,1.49470599769641,0.0,4.605170185988092,4.669367018775284,4.502169960452723,-0.611695628180565
Canada,CAN,2014,74699962252.5788,1546457292263.22,2.87346677785811,1.90663590717861,0.174896160104426,64.3786621564923,31.7365758733408,,1.03863897928326,1.10474713237886,14.1759920634921,0.0891666666666667,96.7480545044,71935,0.0,0.0,0.0699243131114968,0.0376876634695797,-0.19907768578713,6.08722819671338,1.51111068359074,-0.727808816591024,0.0618027360127552,0.0618027360127552,0.450699735024046,0.174896160104426,1.0,dexmedia,0.0,0.171005739795486,-0.113606575369693,-0.0044035715869629,0.0,,0.136305270138508,0.171847584014449,-0.0217121885804257,0.0,0.0,0.0,0,0,0,4.572110223226059,28.06698781295353,1.0,0.0,0.174896160104426,0.0,4.623454683562188,4.605170185988092,4.669367018775284,-0.13776981457838
Canada,CAN,2015,79753521149.8993,1556508816217.14,0.649971001734855,1.12524136094277,-0.0618455910021949,66.1649020669781,31.8499609634443,,3.6745334582912,1.27878620362554,16.674126984127,0.1325,63.2124786377,56784,0.0,0.0,0.146294880307734,0.0654613062216889,2.63589447900794,12.7334891838402,2.71535193107673,-0.537720265957708,0.430776261201856,0.430776261201856,0.588261596299513,-0.0618455910021949,1.0,dexmedia,0.0,0.728195058079591,0.0233365618875923,0.320755358765327,0.0,,0.285176389912192,0.298489380476117,0.287480928764258,0.0,0.0,0.0,0,0,0,4.146501728461809,28.073466490941257,1.0,0.0,0.0618455910021949,0.0,4.572110223226059,4.623454683562188,4.605170185988092,0.0618027360127552
Canada,CAN,2016,82718110857.6298,1572673952924.25,1.03855092490855,1.42875954701085,-0.453164225747765,65.3636845215556,31.5025724093362,,1.96890522906262,1.3256151637482,15.8256349206349,0.395,58.6606140137,57733,0.0,0.0,0.0359652766095002,0.0364976796646204,-1.70562822922858,3.13200017512731,1.4595140099181,-0.660722305908623,-0.0190304640890372,-0.0190304640890372,0.130730893319543,-0.453164225747765,1.0,dexmedia,0.0,-0.0767547927341824,-0.119474012961189,-0.177198341606334,0.0,,0.0701080429070112,0.166421515559352,-0.186022464620706,0.0,0.0,0.0,0,0,0,4.071768530826606,28.08379844129427,1.0,0.0,0.453164225747765,0.0,4.146501728461809,4.572110223226059,4.623454683562188,0.430776261201856
Canada,CAN,2017,86677706696.7064,1620386284360.03,3.03383491200222,1.59688412852976,-0.112442955170904,65.1010608504649,31.4544101509781,,0.125752246427379,1.29793584646039,11.0902390438247,1.00166666666667,68.7023773193,58428,0.0,0.0,-0.0211014340775643,0.0467581464919178,-1.84315298263524,-1.8343086676167,1.90439902130037,-0.793641996683373,-0.369016820405901,-0.369016820405901,0.0893657553975655,-0.112442955170904,1.0,dexmedia,0.0,-0.493105787519099,-0.0688828633019418,-0.19297183041514,0.0,,-0.0411335706318068,0.213207022348721,-0.201021450411785,0.0,0.0,0.0,0,0,0,4.229783802986209,28.11368568388466,1.0,0.0,0.112442955170904,0.0,4.071768530826606,4.146501728461809,4.572110223226059,-0.0190304640890372
Canada,CAN,2018,83925602808.0081,1664832887873.71,2.74296344906655,2.26822567248103,0.35989130799423,66.5998858508762,32.3254037264858,,1.5,1.29581792813534,16.6398406374502,1.83166666666667,80.7955703735,61622,0.0,0.0,-0.0016330916346024,-0.0322659936574006,1.37424775357262,-0.14004870524536,-1.52201968669241,,-0.985643542507552,-0.985643542507552,0.462455410558333,0.35989130799423,1.0,dexmedia,0.0,-0.3510673969171,-0.458526158122721,0.176049987467732,0.0,,-0.0031834277164866,-0.147125943754126,,0.0,0.0,0.0,0,0,0,4.391922141914114,28.14074586668037,1.0,0.0,0.35989130799423,0.0,4.229783802986209,4.071768530826606,4.146501728461809,-0.369016820405901
Canada,CAN,2019,85297110783.6887,1696605090551.84,1.90843194590616,1.94926902411592,-0.0172893498037874,66.1714852804959,32.3526958202565,,1.0,1.32679336266012,15.3878571428571,2.15833333333333,71.728805542,65115,0.0,0.0,0.0236229250501125,0.0162098571501517,-0.5,2.05789142870333,0.579851485572367,,-0.347391785624035,-0.347391785624035,0.103606428698894,-0.0172893498037874,1.0,dexmedia,0.0,-0.166802918653258,-0.219506914228321,-0.0389180472575435,0.0,,0.046048778130763,0.0739134382984865,,0.0,0.0,0.0,0,0,0,4.272892417859725,28.15965036475869,1.0,0.0,0.0172893498037874,0.0,4.391922141914114,4.229783802986209,4.071768530826606,-0.985643542507552
Canada,CAN,2020,90428136419.3485,1611126165625.03,-5.03823343468899,0.716999632307827,-10.9490674961394,61.1567709632763,29.4736472349344,,0.75,1.34115267222386,29.2513043478261,0.375833333333333,59.2759017944,54884,0.0,0.0,0.0107644217912519,0.0584148798593702,-0.25,0.938863377870286,2.40982494822413,,-0.261779839244061,-0.261779839244061,-10.4547704216161,-10.9490674961394,1.0,dexmedia,0.0,-0.26061681748877,-0.0114071604653239,-0.0102441387100327,0.0,,0.0209833655112473,0.266359202194367,,0.0,0.0,0.0,0,0,0,4.082202845575092,28.107954532156253,1.0,0.0,10.9490674961394,1.0,4.272892417859725,4.391922141914114,4.229783802986209,-0.347391785624035
Canada,CAN,2021,106615119570.1,1706996679677.69,5.95052802804381,3.39519318527527,-3.05712002990751,62.2468367159421,31.1750782983294,,0.75,1.2538769021268,19.6561507936508,0.08,89.7245635986,60875,0.0,0.0,-0.0672891741331497,0.164669873741726,0.0,-5.85385638963403,7.01695003896533,,-0.336012106450257,-0.336012106450257,-3.69991064027466,-3.05712002990751,1.0,dexmedia,0.0,-0.830085285504589,0.51250294889181,0.018429769837478,0.0,,-0.131168525645597,0.750858964374941,,0.0,0.0,0.0,0,0,0,4.496744573255891,28.165756614617514,1.0,0.0,3.05712002990751,0.0,4.082202845575092,4.272892417859725,4.391922141914114,-0.261779839244061
Canada,CAN,2022,106952377364.743,1778503389905.0,4.18903628100851,6.80280115341612,0.616655709407194,67.3176215563989,33.9431906669379,,2.39,1.30155477474355,25.6371484375,1.68333333333333,108.8873519897,77935,0.0,0.0,0.0373192572053034,0.0031583277402234,1.64,3.24982738621162,0.0139484026206443,,-0.557266863213398,-0.557266863213398,0.207251063924873,0.616655709407194,1.0,dexmedia,0.0,-0.0668763336256233,-0.283859919678626,0.206530609909148,0.0,,0.0727473922643509,0.0144012905475368,,0.0,0.0,0.0,0,0,0,4.690313879848484,28.206793334380336,1.0,0.0,0.616655709407194,0.0,4.496744573255891,4.082202845575092,4.272892417859725,-0.336012106450257
Canada,CAN,2023,117550899244.64,1805692180594.62,1.52874550838358,3.87900159788425,-0.162417320107473,66.6323313370668,33.3498760996793,,4.75,1.3499086407939,16.8490272373541,5.02416666666667,86.7958755493,88446,0.0,0.0,0.0364773862499757,0.0944877608167083,2.36,3.17657153630895,3.97391402189038,,-0.195673054537105,-0.195673054537105,-0.037805194319036,-0.162417320107473,1.0,dexmedia,0.0,-0.0730185101329276,0.166456922121802,0.289111466525979,0.0,,0.0711063114602431,0.430843727640287,,0.0,0.0,0.0,0,0,0,4.463559103824216,28.221965113757708,1.0,0.0,0.162417320107473,0.0,4.690313879848484,4.496744573255891,4.082202845575092,-0.557266863213398
Chile,CHL,1995,14859706880.9617,104613573720.419,9.25542757753573,8.23263034116114,3.10094128204596,54.6874835998853,28.4806033041148,,6.38855352000336,396.773333333333,12.3887698412698,5.83666666666667,85.744430542,20963,0.0,0.0,0.0383052203137177,0.0524025007754574,7.28639135795214,,,-0.341997658687489,0.0,0.0,4.05852433117696,3.10094128204596,1.0,dexmedia,0.0,0.0,0.0,0.0,0.0,,,,,0.0,0.0,0.0,1,1,1,4.451371133989189,25.373539148039747,0.0,0.0,3.10094128204596,0.0,,,,
Chile,CHL,1996,15659156323.5519,112056685779.901,7.1148626270751,7.35911781788767,2.07081816700898,53.9207498943257,25.9504475024431,,13.6749448779555,412.266666666667,16.4421653543307,5.29833333333333,73.3061141968,23809,0.0,0.0,0.0383052203137177,0.0524025007754574,7.28639135795214,2.26438590801848,1.79084688946703,0.183463274445742,-0.9548822472928,-0.9548822472928,2.81413180021166,2.07081816700898,1.0,dexmedia,0.0,-0.0596828802783538,-0.0410523194197998,0.854147047594647,0.0,,0.0746693556252884,0.238944055575278,0.794682249841928,0.0,0.0,0.0,0,0,0,4.294644018739965,25.442270703239274,0.0,0.0,2.07081816700898,0.0,4.451371133989189,,,0.0
Chile,CHL,1997,18112424930.7211,120339623825.598,7.3917392684331,6.13386464357927,2.03914175168956,54.0992981792892,25.878004271776,,11.9419486829006,419.295,22.363984063745,5.46,74.2722473145,26431,0.0,0.0,0.0169043403042703,0.145542348528718,-1.7329961950549,0.96260867661994,5.07656844535558,0.0584875830459024,0.382707634849807,0.382707634849807,2.68941045571943,2.03914175168956,1.0,dexmedia,0.0,-0.215820803314906,0.418191110361438,-0.180337327803275,0.0,,0.0329520673018666,0.663641591541943,-0.189007321676555,0.0,0.0,0.0,0,0,0,4.307737359934878,25.51358378080385,0.0,0.0,2.03914175168956,0.0,4.294644018739965,4.451371133989189,,-0.9548822472928
Chile,CHL,1998,16221026833.4084,125370887065.113,4.18088662700669,5.11024954517559,0.390147555412171,53.8361785153282,25.1435814171693,,19.240628326491,460.2875,25.6029761904762,5.35333333333333,67.4351959229,26432,0.0,0.0,0.0932765647826637,-0.110289809721081,7.2986796435904,5.608194542679,-3.94849716649411,0.584834690654382,-1.35741302208442,-1.35741302208442,0.897216436242877,0.390147555412171,1.0,dexmedia,0.0,0.341380606275427,-0.843237168050807,0.855556460309035,0.0,,0.181826417658476,-0.502897648650448,0.796022458183477,0.0,0.0,0.0,0,0,0,4.211167076323835,25.55454227762651,0.0,0.0,0.390147555412171,0.0,4.307737359934878,4.294644018739965,4.451371133989189,0.382707634849807
Chile,CHL,1999,14970636411.651,125027832953.909,-0.2736313981937,3.33687917526023,-2.01783671813039,54.6956098321562,28.309113885765,,10.2119697724669,508.776666666667,24.3729761904762,4.97,63.2588882446,23309,0.0,0.0,0.100157857183565,-0.080217643309215,-9.0286585540241,6.0267713827226,-2.88763258709868,-0.0662705157055748,0.713742802629762,0.713742802629762,-1.47713116999461,-2.01783671813039,1.0,dexmedia,0.0,0.391585583959038,-0.694960730230948,-1.01711794890167,0.0,,0.195240298723154,-0.365775082054327,-0.984700703035387,0.0,0.0,0.0,0,0,0,4.147235643341156,25.551802213094117,0.0,0.0,2.01783671813039,0.0,4.211167076323835,4.307737359934878,4.294644018739965,-1.35741302208442
Chile,CHL,2000,15055115211.0232,131243743563.397,4.9716214882971,3.84327295706565,-0.692843283541431,58.7119230876973,30.1237538780926,,9.83487325107737,539.5875,23.315,6.23583333333333,64.4614334106,26340,0.0,0.0,0.0587958073220971,0.0056271045832403,-0.377096521389529,3.51079185353938,0.140737604758545,-0.093464977308901,-0.157051930867785,-0.157051930867785,-0.0549875245854379,-0.692843283541431,1.0,dexmedia,0.0,0.0898136682689847,-0.271687153970923,-0.0248215548341531,0.0,,0.114612186283064,0.0256583783286809,-0.0411276168549941,0.0,0.0,0.0,0,0,0,4.166067113350722,25.60032206919358,0.0,0.0,0.692843283541431,0.0,4.147235643341156,4.211167076323835,4.307737359934878,0.713742802629762
Chile,CHL,2001,14399463580.6192,135383217071.739,3.15403492459967,3.56910053001466,-0.494623825460006,62.1447669687645,31.8473112661696,73.0816959622537,7.30156423972337,634.938333333334,25.7496774193548,3.8875,60.5326004028,26541,0.0,0.0,0.162722922558395,-0.0445268600372692,-2.533309011354,9.83249286926246,-1.62855842311831,-0.276155537234442,0.601200892224279,0.601200892224279,-0.037378008359302,-0.494623825460006,1.0,dexmedia,0.0,0.848051830111516,-0.518980651706357,-0.27212971381912,0.0,,0.317199997112347,-0.203032839309089,-0.276292557699431,0.0,0.0,0.0,0,0,0,4.103182069542522,25.63137523901635,0.0,0.0,0.494623825460006,0.0,4.166067113350722,4.147235643341156,4.211167076323835,-0.157051930867785
Chile,CHL,2002,15343862166.6231,139719269577.32,3.20279913520113,2.48939816650705,-1.17068996853577,62.4838519016295,32.2572203545438,74.3460982791172,4.27461224669902,688.936666666667,27.2924603174603,1.66666666666667,60.7705039978,25650,0.0,0.0,0.0816214648146971,0.0635245806742049,-3.02695199302435,4.89923603192849,2.18320374371528,-0.494445351858274,0.598882158131847,0.598882158131847,-0.677918721446064,-1.17068996853577,1.0,dexmedia,0.0,0.25634657491885,0.013787174547732,-0.328748408665264,0.0,,0.15910683016547,0.289658331384872,-0.330131185906567,0.0,0.0,0.0,0,0,0,4.107104539642575,25.662901029111,0.0,0.0,1.17068996853577,0.0,4.103182069542522,4.166067113350722,4.147235643341156,0.601200892224279
Chile,CHL,2003,15842927419.0005,146318553366.968,4.72324526861041,2.8101787574361,-0.41550104409787,65.693419590905,35.0609745308001,75.8320621380067,1.80102821473996,691.3975,21.9828571428571,1.1275,62.115234375,29940,0.0,0.0,0.0035655654983539,0.0320076458998457,-2.47358403195906,0.151234887543657,1.07137164970132,-0.672828821776911,-0.189472142653162,-0.189472142653162,0.112419641516946,-0.41550104409787,1.0,dexmedia,0.0,-0.313138698332712,-0.141612963750879,-0.26527951943043,0.0,,0.0069504489472028,0.145947933925865,-0.269778718589549,0.0,0.0,0.0,0,0,0,4.128991278901699,25.70905195420437,0.0,0.0,0.41550104409787,0.0,4.107104539642575,4.103182069542522,4.166067113350722,0.598882158131847
Chile,CHL,2004,15997301155.2013,156084225513.955,6.67425416822923,1.05473871403516,2.05066376353345,69.8893600532458,39.6857495120642,76.7499857822204,-1.77319533208462,609.529166666667,15.4786561264822,1.34916666666667,73.6002120972,34576,0.0,0.0,-0.126028110420929,0.0096968490958957,-3.57422354682458,-7.73171727247155,0.284307168105955,-0.930585336336274,-1.11873906316604,-1.11873906316604,2.54862736827206,2.05066376353345,1.0,dexmedia,0.0,-1.25863661186601,-0.251620517902583,-0.391518066602552,0.0,,-0.245669851752124,0.0442155319877398,-0.38981875527845,0.0,0.0,0.0,0,0,0,4.298647907486113,25.773661605639266,0.0,0.0,2.05066376353345,0.0,4.128991278901699,4.107104539642575,4.103182069542522,-0.189472142653162
Chile,CHL,2005,16933297690.4239,165194933117.629,5.83704571917758,3.05257621387849,4.56803724487694,72.0625342380294,40.1755720109201,77.634565408211,-0.413027483221693,559.7675,12.8070634920635,3.21333333333333,79.5461959839,40386,0.0,0.0,-0.0851652822608822,0.0568619308057201,1.36016784886293,-5.24610423135844,1.94816350239759,-0.8324963054333,-1.15400630005032,-1.15400630005032,5.00647748420648,4.56803724487694,1.0,dexmedia,0.0,-0.960506950118793,-0.0190642660638118,0.174435083867718,0.0,,-0.166014885072689,0.259278090806745,0.148345208649462,0.0,0.0,0.0,0,0,0,4.376337934456261,25.830392026362127,0.0,0.0,4.56803724487694,1.0,4.298647907486113,4.128991278901699,4.107104539642575,-1.11873906316604
Chile,CHL,2006,19396987006.6215,175189211415.667,6.04999082563968,3.39201733699405,7.50908104725354,73.7116350448521,43.8656742009237,78.1133233692663,-3.87220104358339,530.275,12.8065338645418,4.96416666666667,108.8661270142,46545,0.0,0.0,-0.0541257790420007,0.135835784052681,-3.4591735603617,-3.35802660552008,4.73414714124292,-1.08195594568632,0.0146064780858278,0.0146064780858278,7.68112893117275,7.50908104725354,1.0,dexmedia,0.0,-0.734046937140678,0.37033107978487,-0.378322335441636,0.0,,-0.105508779500104,0.619381759524662,-0.377270955195378,0.0,0.0,0.0,0,0,0,4.690118934852295,25.88913243487496,0.0,0.0,7.50908104725354,1.0,4.376337934456261,4.298647907486113,4.128991278901699,-1.15400630005032
Chile,CHL,2007,16843397511.3295,184243394522.927,5.16823098528431,4.40779938398044,7.95487755159943,76.9770247140928,45.1298518955866,84.0752473162029,3.40902444709341,522.464166666667,17.5359362549801,5.01916666666667,107.4557342529,55943,0.0,0.0,-0.0148393389603312,-0.141159004151426,7.2812254906768,-0.968302592649545,-5.03747873560104,-0.55686755107121,-2.29641643605654,-2.29641643605654,7.76958226422316,7.95487755159943,1.0,dexmedia,0.0,-0.447418389382645,-0.995443501502531,0.85355454517136,0.0,,-0.028926706829992,-0.643654490411385,0.794118840216082,0.0,0.0,0.0,0,0,0,4.677078988373735,25.939523516751375,0.0,0.0,7.95487755159943,1.0,4.690118934852295,4.376337934456261,4.298647907486113,0.0146064780858278
Chile,CHL,2008,23079229513.8107,191225100461.158,3.78939280635238,8.71626873039607,3.93045766675365,80.6766262406468,41.1625607908642,100.172568090545,12.9104701991509,522.461035833334,32.694861660079,1.9275,97.2673873901,70588,0.0,0.0,-5.99245443666518e-06,0.314974316879763,9.50144575205749,-0.0660166143522791,11.0536693758024,0.12833288707738,-0.193793315813151,-0.193793315813151,3.57279065338767,3.93045766675365,1.0,dexmedia,0.0,-0.339196301595159,1.25360710187401,1.108204116092,0.0,,-1.16812462566479e-05,1.43621467608568,1.03626471816609,0.0,0.0,0.0,0,0,0,4.577463757161115,25.976717107509977,0.0,0.0,3.93045766675365,0.0,4.677078988373735,4.690118934852295,4.376337934456261,-2.29641643605654
Chile,CHL,2009,25292079030.7077,189087132632.604,-1.11803723642878,0.353045178360936,-4.25896906155482,66.6860309631418,37.1156347956721,102.687075908392,3.54597211267264,560.85989484127,31.4790079365079,0.16,90.4722747803,55719,0.0,0.0,0.0709207240255854,0.0915582071240273,-9.36449808647826,4.24832890942067,3.17215415471378,-0.546991517159424,1.38592490600579,1.38592490600579,-4.45859507830564,-4.25896906155482,1.0,dexmedia,0.0,0.178275418918403,0.152012210024793,-1.05563727706259,0.0,,0.13824759967698,0.417485597207654,-1.02132867182343,0.0,0.0,0.0,0,0,0,4.505043447750504,25.96547376498947,0.0,0.0,4.25896906155482,1.0,4.577463757161115,4.677078988373735,4.690118934852295,-0.193793315813151
Chile,CHL,2010,27827450636.1977,200151851762.225,5.85165102224047,1.4107110795432,-0.362720106610285,69.7176801370338,37.9039943184914,99.4755906592451,-3.76879580128202,510.249166666667,22.5488888888889,0.175,107.8697509766,68249,0.0,0.0,-0.0945719640138227,0.0955317015391799,-7.31476791395466,-5.81829580388039,3.31232827531824,-1.07449883661253,-0.036990384594746,-0.036990384594746,-0.312418322066086,-0.362720106610285,1.0,dexmedia,0.0,-1.02913682659684,0.171604266995569,-0.820542175006529,0.0,,-0.184351572848185,0.435603871265425,-0.797777107674707,0.0,0.0,0.0,0,0,0,4.6809244898336395,26.022342174214415,0.0,0.0,0.362720106610285,0.0,4.505043447750504,4.577463757161115,4.677078988373735,1.38592490600579
Chile,CHL,2011,41943889984.8961,212609096429.355,6.22389678509138,3.34121694259302,1.42679072465557,72.4816428077334,37.6897802745717,101.863485350982,5.58745776542778,483.6675,24.2025793650794,0.101666666666667,109.1708145142,83950,0.0,0.0,-0.0535014813379906,0.410309805900244,9.3562535667098,-3.32005163305317,14.41684720862,-0.399768989110051,-0.097366800581541,-0.097366800581541,1.5237224784327,1.42679072465557,1.0,dexmedia,0.0,-0.729492145617265,1.72367655134983,1.09155120631411,0.0,,-0.104291819856092,1.87092386075641,1.02042949235357,0.0,0.0,0.0,0,0,0,4.692913761235308,26.082721088530448,1.0,0.0,1.42679072465557,0.0,4.6809244898336395,4.505043447750504,4.577463757161115,-0.036990384594746
Chile,CHL,2012,41649256237.5881,225695909224.96,6.15534001855494,3.00744840213047,0.682343277664966,68.156142891334,33.8455905043756,104.266686517931,9.22337834222408,486.471303391053,17.79888,0.14,100.0,80947,0.0,0.0,0.0057802268865918,-0.0070492613498096,3.6359205767963,0.285948769342348,-0.306450250936627,-0.137563169353114,-1.06662516071975,-1.06662516071975,0.791910246705568,0.682343277664966,1.0,dexmedia,0.0,-0.296980828692022,-0.334190345769968,0.435453986257756,0.0,,0.011267545610101,-0.0321431052107813,0.396547673912909,0.0,0.0,0.0,0,0,0,4.605170185988092,26.142454395771615,1.0,0.0,0.682343277664966,0.0,4.692913761235308,4.6809244898336395,4.505043447750504,-0.097366800581541
Chile,CHL,2013,41093252538.7589,233163076995.037,3.30850824710085,1.7895555398459,-0.470273937516142,65.1432879523879,32.087463589174,104.149344550832,6.84632643680272,495.272877645503,14.230119047619,0.1075,99.0623626709,83026,0.0,0.0,0.0179309645961592,-0.0134395747943721,-2.37705190542136,1.02505643590574,-0.531883200852102,-0.308985187601649,-0.319821966256832,-0.319821966256832,-0.389328116817554,-0.470273937516142,1.0,dexmedia,0.0,-0.208330691478213,-0.365698980736094,-0.254207705957475,0.0,,0.0349532925582884,-0.0612815506713099,-0.259250548507759,0.0,0.0,0.0,0,0,0,4.595749577783194,26.1750039469617,1.0,0.0,0.470273937516142,0.0,4.605170185988092,4.692913761235308,4.6809244898336395,-1.06662516071975
Chile,CHL,2014,40447379051.6686,237342873662.271,1.79264947139259,4.71867527854671,-1.49636979929496,65.6346281218887,33.0039029664774,107.29402770779,2.1210253100164,570.34821612744,14.1759920634921,0.0891666666666667,96.8345336914,71935,0.0,0.0,0.141138201141503,-0.0158420895800973,-4.72530112678632,8.51953263867271,-0.616637415189136,-0.649752107389291,0.836569235711051,0.836569235711051,-1.35239512721183,-1.49636979929496,1.0,dexmedia,0.0,0.690572625056942,-0.377545028984095,-0.523541639638204,0.0,,0.275124341983599,-0.0722364978205042,-0.515359763995786,0.0,0.0,0.0,0,0,0,4.5730036836716375,26.192771656897545,1.0,0.0,1.49636979929496,0.0,4.595749577783194,4.605170185988092,4.692913761235308,-0.319821966256832
Chile,CHL,2015,38641176606.0314,242450355830.884,2.15194249981184,4.34877353217044,-2.08851258671561,59.3491104775309,29.1910794903324,108.683157928884,0.534100501734634,654.124084254196,16.674126984127,0.1325,96.9277496338,56784,0.0,0.0,0.137049984947487,-0.0456833872907119,-1.58692480828177,8.27085395189578,-1.66935757212138,-0.764193804191914,0.299646005161688,0.299646005161688,-1.87130925415893,-2.08851258671561,1.0,dexmedia,0.0,0.660745553218015,-0.524683125516638,-0.163583577460312,0.0,,0.267155076531947,-0.208306353134414,-0.173076206728726,0.0,0.0,0.0,0,0,0,4.573965851829358,26.214062808143154,1.0,0.0,2.08851258671561,0.0,4.5730036836716375,4.595749577783194,4.605170185988092,0.836569235711051
Chile,CHL,2016,40493293729.5296,246700604515.86,1.753038749071,3.78619355893118,-2.66061639079667,56.0578610877723,27.9231581098221,109.658986217723,0.982913248021622,676.957736044657,15.8256349206349,0.395,98.0471801758,57733,0.0,0.0,0.0343117779330715,0.0468179141289085,0.448812746286988,2.02147215589626,1.59383779864369,-0.7318274992708,-0.227313295407532,-0.227313295407532,-2.37735539354677,-2.66061639079667,1.0,dexmedia,0.0,-0.0888184952065711,-0.0685881677955218,0.0699066324054389,0.0,,0.0668848352166488,0.213479549830489,0.0489492679511137,0.0,0.0,0.0,0,0,0,4.585448793185461,26.231441310887558,1.0,0.0,2.66061639079667,0.0,4.573965851829358,4.5730036836716375,4.595749577783194,0.299646005161688
Chile,CHL,2017,38981539753.7984,250050047209.619,1.35769537343957,2.18271846868519,-2.62753109783793,56.0261589675707,28.3313768341631,111.859731058874,-0.262655305184403,648.833792598261,11.0902390438247,1.00166666666667,107.8001174927,58428,0.0,0.0,-0.0424322564550526,-0.0380481790533906,-1.24556855320602,-2.64673058881724,-1.40000810576288,-0.821652157609355,-1.01133737832775,-1.01133737832775,-2.26749310335288,-2.62753109783793,1.0,dexmedia,0.0,-0.648732579558135,-0.487036304069277,-0.124431505299661,0.0,,-0.0827142938032159,-0.173491457005606,-0.135846562662853,0.0,0.0,0.0,0,0,0,4.680278748388032,26.24492692361202,1.0,0.0,2.62753109783793,0.0,4.585448793185461,4.573965851829358,4.5730036836716375,-0.227313295407532
Chile,CHL,2018,39858824174.8114,260027117802.785,3.99002947789977,2.43488981353057,-1.48222252183549,58.177050633437,28.5290447397579,116.098274611163,2.54731216179178,641.276813066395,16.6398406374502,1.83166666666667,105.5911636353,61622,0.0,0.0,-0.0117153768544718,0.0222556210508884,2.80996746697618,-0.778277581490178,0.727346626763186,-0.619010266070014,-0.95504430052806,-0.95504430052806,-1.11191945002306,-1.48222252183549,1.0,dexmedia,0.0,-0.424626384818419,-0.189697145193942,0.340720770515699,0.0,,-0.0228370867852065,0.101480812452684,0.306466007511687,0.0,0.0,0.0,0,0,0,4.659574690074964,26.284051761764633,1.0,0.0,1.48222252183549,0.0,4.680278748388032,4.585448793185461,4.573965851829358,-1.01133737832775
Chile,CHL,2019,40655524238.3282,261676645417.276,0.634367533828438,2.55754475703326,-2.73052253362189,57.6117545680829,27.8746677570512,123.249083555952,2.31,702.897422561529,15.3878571428571,2.15833333333333,103.4175796509,65115,0.0,0.0,0.0917497579518978,0.0197909089086572,-0.23731216179178,5.51532205255216,0.640398258152417,,0.137180260281531,0.137180260281531,-2.38006220492549,-2.73052253362189,1.0,dexmedia,0.0,0.330241230355906,-0.201849869134615,-0.0087888990602402,0.0,,0.178850173656121,0.0902422588268961,,0.0,0.0,0.0,0,0,0,4.6387749635894036,26.290375400686223,1.0,0.0,2.73052253362189,0.0,4.659574690074964,4.680278748388032,4.585448793185461,-0.95504430052806
Chile,CHL,2020,39166118109.4101,245600606668.884,-6.14347479224092,3.04549084804326,-7.09529637434425,58.1828635629748,31.3303902428612,123.562500975164,0.75,792.727206103169,29.2513043478261,0.375833333333333,114.0064163208,54884,0.0,0.0,0.120268192749013,-0.0373226852815911,-1.56,7.25004769302331,-1.37441465052134,,0.21534416754841,0.21534416754841,-6.57490011321105,-7.09529637434425,1.0,dexmedia,0.0,0.538307869461831,-0.483459121412411,-0.160495419498989,0.0,,0.234441895418907,-0.170183362514635,,0.0,0.0,0.0,0,0,0,4.7362547303264275,26.226972503366525,1.0,0.0,7.09529637434425,1.0,4.6387749635894036,4.659574690074964,4.680278748388032,0.137180260281531
Chile,CHL,2021,51252167799.6881,273390120031.28,11.3149204879049,4.52456838259143,-7.52503617644515,64.8774063237834,31.9927952679237,109.321889752715,2.25,758.955378658977,19.6561507936508,0.08,124.0395355225,60875,0.0,0.0,-0.0435361740386497,0.268945876553627,1.5,-2.71387998482598,9.42991067089044,,0.179395438938707,0.179395438938707,-6.90286317908092,-7.52503617644515,1.0,dexmedia,0.0,-0.656786612786222,1.02665527284747,0.190473221122542,0.0,,-0.0848661888701424,1.22633495583228,,0.0,0.0,0.0,0,0,0,4.820600349646876,26.334165623170268,1.0,0.0,7.52503617644515,1.0,4.7362547303264275,4.6387749635894036,4.659574690074964,0.21534416754841
Chile,CHL,2022,39102338845.0328,279278925615.692,2.15399356192458,11.6438667110559,1.36019451537044,75.2016177425303,35.6066282723137,112.621958263293,8.79,873.314189543014,25.6371484375,1.68333333333333,107.1972579956,77935,0.0,0.0,0.140352401454349,-0.270575633443595,6.54,8.47173440506019,-9.60294688712942,,-1.71725606431277,-1.71725606431277,1.8395793497973,1.36019451537044,1.0,dexmedia,0.0,0.68483953693062,-1.63355638380303,0.768539217440359,0.0,,0.27359256235122,-1.23376629432048,,0.0,0.0,0.0,0,0,0,4.674670669910315,26.355476852756745,1.0,0.0,1.36019451537044,0.0,4.820600349646876,4.7362547303264275,4.6387749635894036,0.179395438938707
Chile,CHL,2023,46377347796.8251,280734996501.051,0.521367977246825,7.58168251407962,-2.27393349977732,60.7247236874408,30.8110620735322,109.486414776185,9.58,840.066526651499,16.8490272373541,5.02416666666667,112.1155014038,88446,0.0,0.0,-0.0388143003802099,0.170628863781896,0.790000000000001,-2.42665685379998,5.96155275570009,,-0.189490919540541,-0.189490919540541,-1.91345589978777,-2.27393349977732,1.0,dexmedia,0.0,-0.622336461879141,0.541884863186212,0.109039320847612,0.0,,-0.0756617185516814,0.778030668516163,,0.0,0.0,0.0,0,0,0,4.719529602443117,26.36067698835708,1.0,0.0,2.27393349977732,0.0,4.674670669910315,4.820600349646876,4.7362547303264275,-1.71725606431277
Colombia,COL,1995,8451976393.01173,150011784497.792,5.20243759278655,20.8917930194849,-0.998559422523327,35.4972303177666,14.5337428892103,33.6634295845069,19.5413245385255,912.895,12.3887698412698,5.83666666666667,95.0498046875,20963,0.0,0.0,0.127102242591085,0.161967537226385,1.4168827792016,,,0.606519514376187,0.0,0.0,0.928161088815075,-0.998559422523327,1.0,dexmedia,0.0,0.0,0.0,0.0,0.0,,,,,0.0,0.0,0.0,1,1,1,4.554401014092769,25.733979691275344,0.0,0.0,0.998559422523327,0.0,,,,
Colombia,COL,1996,9938020380.18382,153095808839.253,2.05585471287195,20.7975755127401,-2.49488574668527,36.0441071863282,15.199461701397,35.3234826301522,20.9582073177271,1036.6225,16.4421653543307,5.29833333333333,94.5678787231,23809,0.0,0.0,0.127102242591085,0.161967537226385,1.4168827792016,5.13445446898814,7.12207320040263,0.708698564433269,0.906406706622441,0.906406706622441,-0.215410451174222,-2.49488574668527,1.0,dexmedia,0.0,0.588168171832498,0.4991785735609,0.180940038770956,0.0,,0.247763685343082,0.738536895066234,0.154530760073622,0.0,0.0,0.0,0,0,0,4.549317870016622,25.754329763920204,0.0,0.0,2.49488574668527,0.0,4.554401014092769,,,0.0
Colombia,COL,1997,9906526424.77727,158347444690.971,3.43029367788374,18.4700217119089,-3.22677155465839,35.5970680886793,14.8415437434707,36.4758451431847,14.4388808944533,1141.11666666667,22.363984063745,5.46,95.1014709473,26431,0.0,0.0,0.0960394830277433,-0.0031740691442472,-6.5193264232738,3.85713941985264,-0.267169113559681,0.238554815973349,0.775764006266745,0.775764006266745,-1.06481391082692,-3.22677155465839,1.0,dexmedia,0.0,0.361538483713929,-0.315082986219,-0.729308508771815,0.0,,0.187212245577381,-0.0144730679410245,-0.711023157416188,0.0,0.0,0.0,0,0,0,4.5549444368060685,25.78805747270563,0.0,0.0,3.22677155465839,0.0,4.549317870016622,4.554401014092769,,0.906406706622441
Colombia,COL,1998,8753946805.52858,159249683235.263,0.569784088434517,18.6769799276671,-3.8641421125768,35.9089230535138,15.0073508369912,35.2185505194702,23.3781484628965,1426.42416666667,25.6029761904762,5.35333333333333,94.3751831055,26432,0.0,0.0,0.223163414700847,-0.123689112606758,8.9392675684432,9.08453467954085,-5.6596009676108,0.883213556807436,-0.664012190815179,-0.664012190815179,-1.07173264488885,-3.8641421125768,1.0,dexmedia,0.0,1.28901747761122,-0.909304935631848,1.04372473279455,0.0,,0.43501821000841,-0.563995568139143,0.974951373628384,0.0,0.0,0.0,0,0,0,4.5472781477580355,25.793739142293177,0.0,0.0,3.8641421125768,0.0,4.5549444368060685,4.549317870016622,4.554401014092769,0.775764006266745
Colombia,COL,1999,8103046538.69516,152554802278.5,-4.20401524244947,10.873687085747,-5.36725843562855,36.1492793141794,18.3465787501541,31.654183439449,14.919570901239,1756.68583333333,24.3729761904762,4.97,94.4822921753,23309,0.0,0.0,0.208258254799158,-0.0772645553071136,-8.4585775616575,8.47162770137227,-3.58233945402484,0.273219961874107,1.45160361913137,1.45160361913137,-2.21286176455054,-5.36725843562855,1.0,dexmedia,0.0,1.18027144901099,-0.680399977822123,-0.951732147942496,0.0,,0.405963196716855,-0.352309640267181,-0.922525447363513,0.0,0.0,0.0,0,0,0,4.54841243255269,25.750789727643102,0.0,0.0,5.36725843562855,1.0,4.5472781477580355,4.5549444368060685,4.549317870016622,-0.664012190815179
Colombia,COL,2000,9005870484.66314,157016818928.93,2.92486148176778,9.22534818585365,-2.93677527966258,32.6670854693067,15.915139715438,20.9474743929536,-11.1379559197299,2087.91833333333,23.315,6.23583333333333,94.9511184692,26340,0.0,0.0,0.172738572225655,0.10563653391749,-26.0575268209689,7.01104188660081,4.60154889168376,-1.60592867094634,4.1128074802722,4.1128074802722,0.775838738184203,-2.93677527966258,1.0,dexmedia,0.0,0.921124654042933,0.221428031911667,-2.9702547943176,0.0,,0.336723761776745,0.481679718670643,-2.84193546875635,0.0,0.0,0.0,0,0,0,4.553362216748685,25.7796187634929,0.0,0.0,2.93677527966258,0.0,4.54841243255269,4.5472781477580355,4.5549444368060685,1.45160361913137
Colombia,COL,2001,10244081684.9202,159651401476.819,1.67789830787579,7.96556090304834,-2.7086694418686,33.9011117949445,15.3871357665009,21.9066125992657,13.3324808386691,2299.89333333333,25.7496774193548,3.8875,94.5068740845,26541,0.0,0.0,0.0966951881808393,0.128823501463337,24.470436758399,3.88410250461646,5.63904710602057,0.15876634769453,-2.12300390332881,-2.12300390332881,1.50487035579263,-2.7086694418686,1.0,dexmedia,0.0,0.36632241973355,0.335755709687029,2.82508203274939,0.0,,0.188490428573351,0.587407269453713,2.66884123875067,0.0,0.0,0.0,0,0,0,4.548672573489073,25.796258534501614,0.0,0.0,2.7086694418686,0.0,4.553362216748685,4.54841243255269,4.5472781477580355,4.1128074802722
Colombia,COL,2002,10844467604.5962,163649041384.447,2.50398046659659,6.35150728778872,-3.4522020309282,32.9826392144234,14.8155696775272,21.5233089569655,9.77520490167062,2504.68083333333,27.2924603174603,1.66666666666667,94.3703918457,25650,0.0,0.0,0.0852985695281969,0.056954909516616,-3.55727593699848,3.41546824260223,2.42329516846408,-0.097767983422287,0.654142665653338,0.654142665653338,0.295011821040271,-3.4522020309282,1.0,dexmedia,0.0,0.283174233057222,-0.0186058171494267,-0.389574249745542,0.0,,0.166274705386524,0.259702053593537,-0.387970382875099,0.0,0.0,0.0,0,0,0,4.547227378252024,25.82098998015843,0.0,0.0,3.4522020309282,0.0,4.548672573489073,4.553362216748685,4.54841243255269,-2.12300390332881
Colombia,COL,2003,10920223457.177,170061255792.911,3.91827190322513,7.1297886294186,-2.70236574257939,36.51618351723,16.5752997117627,21.0762350135313,7.823797977733,2877.54333333333,21.9828571428571,1.1275,94.6598510742,29940,0.0,0.0,0.138775606292906,0.0069613814685602,-1.95140692393762,5.61446897728773,0.186340466401333,-0.238494449076075,0.613615285410587,0.613615285410587,1.28935759094682,-2.70236574257939,1.0,dexmedia,0.0,0.673335452918509,-0.26510825237431,-0.205388084866388,0.0,,0.270518874804359,0.0317423919830067,-0.212828047313081,0.0,0.0,0.0,0,0,0,4.550289951206212,25.859424537287655,0.0,0.0,2.70236574257939,0.0,4.547227378252024,4.548672573489073,4.553362216748685,0.654142665653338
Colombia,COL,2004,13536934555.3752,179130660092.783,5.33302206759905,5.90402005546502,-1.31109709119663,35.8634269337995,16.7707514248023,22.1991386566001,7.27050966250741,2628.36833333333,15.4786561264822,1.34916666666667,96.1274795532,34576,0.0,0.0,-0.0905736727873556,0.21480540947325,-0.55328831522559,-3.81648046102337,9.48629775874917,-0.278395050090713,-0.195230271233524,-0.195230271233524,1.38748851173586,-1.31109709119663,1.0,dexmedia,0.0,-0.999965835146013,0.759705579545228,-0.0450299843672614,0.0,,-0.17655760045911,0.979466150269783,-0.0603437808312149,0.0,0.0,0.0,0,0,0,4.565675222584928,25.91138132115956,0.0,0.0,1.31109709119663,0.0,4.550289951206212,4.547227378252024,4.548672573489073,0.613615285410587
Colombia,COL,2005,14954554923.0026,187780451739.376,4.82876110773741,5.05101962689695,-0.0207711912425508,37.422697494955,16.9710437391629,22.7527186089506,9.36261382966903,2321.13166666667,12.8070634920635,3.21333333333333,97.3386611938,40386,0.0,0.0,-0.124308393976855,0.0995940878638777,2.09210416716162,-5.20366792658902,4.3311803332058,-0.127522148281931,-1.31284015546523,-1.31284015546523,2.0619204583822,-0.0207711912425508,1.0,dexmedia,0.0,-1.24608979352625,0.191634622142733,0.258384984081712,0.0,,-0.242317564056464,0.454127473180841,0.228173037212612,0.0,0.0,0.0,0,0,0,4.578196250394552,25.958539307458103,0.0,0.0,0.0207711912425508,0.0,4.565675222584928,4.550289951206212,4.547227378252024,-0.195230271233524
Colombia,COL,2006,15437167995.6523,200393418124.055,6.71686869844402,4.29342363628926,-0.992650981422889,39.6413559606293,17.7285877506525,27.3293271996088,6.6972959736936,2358.59460526316,12.8065338645418,4.96416666666667,97.9604568481,46545,0.0,0.0,0.016011081303863,0.0317621772464598,-2.66531785597543,0.566334389536233,1.29604924064384,-0.319732577134209,-0.0778906409012328,-0.0778906409012328,1.69245917168544,-0.992650981422889,1.0,dexmedia,0.0,-0.22233790004157,-0.142823292831332,-0.287270551971669,0.0,,0.0312108144538047,0.144828650023596,-0.290689956972845,0.0,0.0,0.0,0,0,0,4.584563895691916,26.023548361925414,0.0,0.0,0.992650981422889,0.0,4.578196250394552,4.565675222584928,4.550289951206212,-1.31284015546523
Colombia,COL,2007,20951442986.8657,213896316785.023,6.73819469090975,5.54438485815155,-0.819777005457566,37.0988970982903,16.4331421263646,30.5665682234069,9.67644438040683,2077.81095833333,17.5359362549801,5.01916666666667,98.4928741455,55943,0.0,0.0,-0.126751019760676,0.305429413848451,2.97914840671323,-5.30410981446899,13.5412584831051,-0.104890136640609,-0.417491772954529,-0.417491772954529,1.84559930203916,-0.819777005457566,1.0,dexmedia,0.0,-1.26391086053251,1.20654417326969,0.360125085691708,0.0,,-0.247079037605444,1.39269198524795,0.324917540405797,0.0,0.0,0.0,0,0,0,4.589984201860604,26.08875723355516,0.0,0.0,0.819777005457566,0.0,4.584563895691916,4.578196250394552,4.565675222584928,-0.0778906409012328
Colombia,COL,2008,23670593274.4211,220919487240.849,3.28344618616541,6.9968849555451,0.0418177601857505,39.1676494164355,18.1095951350739,31.3428821283831,8.82101697806746,1965.1375,32.694861660079,1.9275,100.3720550537,70588,0.0,0.0,-0.0557526982203225,0.122025965963999,-0.85542740233937,-2.38462569814963,5.33489215654261,-0.16657961487189,-0.36399351035748,-0.36399351035748,2.20003510671789,0.0418177601857505,1.0,dexmedia,0.0,-0.745916719193536,0.302239190258679,-0.0796840185773771,0.0,,-0.108680175088088,0.556411979608892,-0.0932962476583943,0.0,0.0,0.0,0,0,0,4.608883832396416,26.121064160959364,0.0,0.0,0.0418177601857505,0.0,4.589984201860604,4.584563895691916,4.578196250394552,-0.417491772954529
Colombia,COL,2009,24987458715.7224,223437193184.792,1.13964864548062,4.20251661216481,-2.67404734457448,35.1561285074585,16.4244956875755,30.058849809334,8.59454735357291,2157.59833333333,31.4790079365079,0.16,97.8504943848,55719,0.0,0.0,0.0934335029520259,0.0541405600130744,-0.22646962449455,3.749980475049,2.29736742139364,-0.182911559502254,0.317588419822584,0.317588419822584,-1.05150287607753,-2.67404734457448,1.0,dexmedia,0.0,0.342525605910889,-0.0324824934570098,-0.0075453073687052,0.0,,0.182132341286726,0.246869229315474,-0.024699660212153,0.0,0.0,0.0,0,0,0,4.583440746305561,26.132396196674822,0.0,0.0,2.67404734457448,0.0,4.608883832396416,4.589984201860604,4.584563895691916,-0.36399351035748
Colombia,COL,2010,28076156124.4625,233479933032.173,4.49465897070922,2.27200227892008,-3.30276722665198,34.2646031687681,16.3408447597691,32.3529586377969,5.3722240266131,1898.9975,22.5488888888889,0.175,99.4749908447,68249,0.0,0.0,-0.12766960503293,0.11654663200488,-3.22232332695981,-5.34188244720791,5.08971998441183,-0.41529065349552,-0.64423377666305,-0.64423377666305,-1.25158866703746,-3.30276722665198,1.0,dexmedia,0.0,-1.27061273430959,0.275222309932991,-0.351156647713546,0.0,,-0.248869659609556,0.531427403325914,-0.351439145303643,0.0,0.0,0.0,0,0,0,4.5999062642767985,26.17636197045728,0.0,0.0,3.30276722665198,0.0,4.583440746305561,4.608883832396416,4.589984201860604,0.317588419822584
Colombia,COL,2011,31895547050.8777,249701866578.277,6.94789198173555,3.4150334477625,-1.99297523944015,39.4704235545367,19.2765050733171,34.9599738877775,4.54296484242238,1848.01666666667,24.2025793650794,0.101666666666667,100.90184021,83950,0.0,0.0,-0.0272131234090791,0.127545729532677,-0.82925918419072,-1.2110650672688,5.58187334693524,-0.475093000546039,-0.131557790873812,-0.131557790873812,0.0890399371918051,-1.99297523944015,1.0,dexmedia,0.0,-0.537695845406724,0.329455416331718,-0.0766826382011943,0.0,,-0.0530472445495817,0.581580906156273,-0.0904422397618753,0.0,0.0,0.0,0,0,0,4.6141481651516285,26.243533509487648,1.0,0.0,1.99297523944015,0.0,4.5999062642767985,4.583440746305561,4.608883832396416,-0.64423377666305
Colombia,COL,2012,36997795799.9643,259471791121.288,3.91263576716115,3.16930188840055,0.15478341781464,38.835151018669,18.8112052836654,37.7448515262876,8.65535095377731,1798.01166666667,17.79888,0.14,100.0,80947,0.0,0.0,-0.0274315672183265,0.148391928730241,4.11238611135493,-1.22004757688006,6.51463414889928,-0.178526684338173,-0.597150586566042,-0.597150586566042,1.82104003455755,0.15478341781464,1.0,dexmedia,0.0,-0.539289581863404,0.432241498211018,0.490102502913656,0.0,,-0.0534730627107422,0.67663506017346,0.44851286276623,0.0,0.0,0.0,0,0,0,4.605170185988092,26.281913828908646,1.0,0.0,0.15478341781464,0.0,4.6141481651516285,4.5999062642767985,4.583440746305561,-0.131557790873812
Colombia,COL,2013,43158795571.8365,272793056063.57,5.13399351995672,2.01699224310383,-1.02074306943381,37.9866487978457,18.0864397214368,39.4836916913458,8.90797441037777,1868.895,14.230119047619,0.1075,99.8373565674,83026,0.0,0.0,0.0386659224004848,0.154027895984239,0.25262345660046,1.49791200870386,6.76681485991847,-0.160308645982087,0.355574864183135,0.355574864183135,0.947355361016786,-1.02074306943381,1.0,dexmedia,0.0,-0.0570512466895526,0.460030688276236,0.0474045774035486,0.0,,0.0753724815222552,0.70233385036155,0.0275520991107622,0.0,0.0,0.0,0,0,0,4.6035424275819015,26.331979308279326,1.0,0.0,1.02074306943381,0.0,4.605170185988092,4.6141481651516285,4.5999062642767985,-0.597150586566042
Colombia,COL,2014,46809443348.4248,285066097496.814,4.49903000110972,2.89883787761737,-1.74407702900736,37.4874656411103,16.6347491096509,42.3846056970012,8.44294935194344,2001.105,14.1759920634921,0.0891666666666667,99.276802063,71935,0.0,0.0,0.068352180868013,0.0811987296378227,-0.46502505843433,2.71862480376288,3.50808213056755,-0.193844108069031,0.295375119759343,0.295375119759343,-0.160525242891718,-1.74407702900736,1.0,dexmedia,0.0,0.159535675801482,0.100932869803952,-0.0349065741539093,0.0,,0.133240672138099,0.370248623254803,-0.0507174459228237,0.0,0.0,0.0,0,0,0,4.597911929086259,26.375986911366986,1.0,0.0,1.74407702900736,0.0,4.6035424275819015,4.605170185988092,4.6141481651516285,0.355574864183135
Colombia,COL,2015,46222893468.5249,293492370193.166,2.95590137527523,4.98983115849529,-3.52022272468982,38.3607641184453,15.6502115094968,46.9053935998568,8.78547373201402,2741.78166666667,16.674126984127,0.1325,95.2238845825,56784,0.0,0.0,0.314908424404386,-0.0126097585426237,0.34252438007058,12.8571326189732,-0.689367957910479,-0.169142829818812,1.53905340942262,1.53905340942262,-1.71485667149573,-3.52022272468982,1.0,dexmedia,0.0,1.9583766468489,-0.36160741659106,0.0577158208352245,0.0,,0.613859127781328,-0.057497768263202,0.0373570443321208,0.0,0.0,0.0,0,0,0,4.556230798801709,26.405117479941964,1.0,0.0,3.52022272468982,0.0,4.597911929086259,4.6035424275819015,4.605170185988092,0.295375119759343
Colombia,COL,2016,46173772892.6654,299618678572.191,2.08738250162794,7.51346024627674,-2.27395436340898,36.202652984202,14.7171392781975,47.0541978052352,9.03209505722643,3055.255,15.8256349206349,0.395,94.9837722778,57733,0.0,0.0,0.108255106469522,-0.0010632543883168,0.246621325212409,4.35945178713101,-0.172720948410572,-0.15135763749103,0.0992706398126561,0.0992706398126561,-0.3506887138319,-2.27395436340898,1.0,dexmedia,0.0,0.450662018444929,-0.304675219494769,0.0467161591375041,0.0,,0.21102447595978,-0.0048482097589441,0.0268974832603388,0.0,0.0,0.0,0,0,0,4.553706058881041,26.42577643168012,1.0,0.0,2.27395436340898,0.0,4.556230798801709,4.597911929086259,4.6035424275819015,1.53905340942262
Colombia,COL,2017,47131104746.7563,303691577641.583,1.35936086788746,4.3143132569501,-2.49551853423356,35.2829149424588,15.1452897484005,49.8054213986161,8.13449112757921,2951.48691120161,11.0902390438247,1.00166666666667,96.4854278564,58428,0.0,0.0,-0.0345539777990655,0.0205212304889919,-0.89760392964722,-1.51292445077117,0.793074361963901,-0.216088692314449,-0.704981125082018,-0.704981125082018,-0.496989558279729,-2.49551853423356,1.0,dexmedia,0.0,-0.591253725141588,-0.198248882065314,-0.0845214821248846,0.0,,-0.0673569616729957,0.093572367079307,-0.0978961841653653,0.0,0.0,0.0,0,0,0,4.569391990272855,26.439278476119597,1.0,0.0,2.49551853423356,0.0,4.553706058881041,4.556230798801709,4.597911929086259,0.0992706398126561
Colombia,COL,2018,47887623364.3511,311479214511.795,2.56432428277704,3.24056932930569,-4.66765203774594,36.5347527968973,15.8997196775431,45.8707074728714,7.15306948982847,2955.70396997842,16.6398406374502,1.83166666666667,97.8009338379,61622,0.0,0.0,0.0014277715340567,0.0159239050760362,-0.98142163775074,-0.0333381130941587,0.587367561484895,-0.2868642936012,-0.455517600725569,-0.455517600725569,-2.49255985957734,-4.66765203774594,1.0,dexmedia,0.0,-0.328735753655582,-0.220916854382161,-0.0941350073121737,0.0,,0.0027831919397671,0.0726095587645289,-0.107037670201468,0.0,0.0,0.0,0,0,0,4.582934125439971,26.464598445858627,1.0,0.0,4.66765203774594,1.0,4.569391990272855,4.553706058881041,4.556230798801709,-0.704981125082018
Colombia,COL,2019,52652707434.7901,321405606655.842,3.18685539245533,3.52301932741446,-3.48177414323436,37.558533980839,15.8680386541241,46.0415781067709,7.46754725861924,3281.62219381788,15.3878571428571,2.15833333333333,96.6353607178,65115,0.0,0.0,0.104601018825007,0.0948605743688269,0.314477768790771,4.20919400726516,4.1193798125492,-0.264185607579468,0.537798441787701,0.537798441787701,-1.18379873651954,-3.48177414323436,1.0,dexmedia,0.0,0.424002289725538,0.168295149029768,0.0544989969676052,0.0,,0.203901468505975,0.432543676703756,0.0342981715571969,0.0,0.0,0.0,0,0,0,4.570944727216721,26.495969734577578,1.0,0.0,3.48177414323436,0.0,4.582934125439971,4.569391990272855,4.553706058881041,-0.455517600725569
Colombia,COL,2020,58499477956.7248,298309675728.093,-7.18591413760859,2.52663500084706,-7.12493912581067,34.0555709680101,13.5222755593302,51.9987790610816,8.24660761552955,3693.27583333333,29.2513043478261,0.375833333333333,94.4528579712,54884,0.0,0.0,0.118175952515855,0.105300169860598,0.77906035691031,4.76740163784642,4.5864983203792,-0.208003368388812,0.635028102501449,0.635028102501449,-4.56273776905677,-7.12493912581067,1.0,dexmedia,0.0,0.523043167993733,0.219769526053343,0.107784591545627,0.0,,0.230363437476524,0.480145971412131,0.0849673599423765,0.0,0.0,0.0,0,0,0,4.548100852581304,26.421397964173362,1.0,0.0,7.12493912581067,1.0,4.570944727216721,4.582934125439971,4.569391990272855,0.537798441787701
Colombia,COL,2021,58018679406.6872,330530695024.886,10.8011981904878,3.49505757399448,-7.2763408835648,40.0591463936128,16.1970059548864,47.9124060650503,1.42458739401644,3744.24416666667,19.6561507936508,0.08,97.9791946411,60875,0.0,0.0,0.0137059480069741,-0.0082528129487009,-6.82202022151311,0.471546241591125,-0.49441692497686,-0.699975997272905,0.184745643542034,0.184745643542034,-4.54278926040702,-7.2763408835648,1.0,dexmedia,0.0,-0.239155840478587,-0.340124681905644,-0.764026165926265,0.0,,0.0267173585619076,-0.0376310398680503,-0.744036123201438,0.0,0.0,0.0,0,0,0,4.584755156551213,26.523965366433558,1.0,0.0,7.2763408835648,1.0,4.548100852581304,4.570944727216721,4.582934125439971,0.635028102501449
Colombia,COL,2022,56703971712.5605,354752900899.02,7.32827729427979,10.1772313546166,-6.35792815584479,48.2826551123359,20.3883679938331,44.1883129591758,0.767867660015928,4256.19416666667,25.6371484375,1.68333333333333,100.7570648193,77935,0.0,0.0,0.128155600921115,-0.0229207613115783,-0.656719734000512,5.17776946245817,-1.15073259904591,-0.747335595087851,0.240298704973491,0.240298704973491,-2.55148217172452,-6.35792815584479,1.0,dexmedia,0.0,0.595853331591888,-0.412447743157224,-0.056893116538827,0.0,,0.249817023950763,-0.104513708002777,-0.0716244146235094,0.0,0.0,0.0,0,0,0,4.612712320644271,26.59468733025833,1.0,0.0,6.35792815584479,1.0,4.584755156551213,4.548100852581304,4.570944727216721,0.184745643542034
Colombia,COL,2023,59040690523.7904,357280089727.874,0.712380031974334,11.7359044948689,-2.9203487747118,40.3881324933957,17.8316784070298,41.6579211967186,13.1631262778233,4325.955,16.8490272373541,5.02416666666667,98.7881546021,88446,0.0,0.0,0.0162575523917567,0.0403826199664366,12.3952586178074,0.576469408680317,1.68176996548985,0.14655327798681,-1.76097008691051,-1.76097008691051,0.921720631710592,-2.9203487747118,1.0,dexmedia,0.0,-0.220539680354562,-0.10031858859945,1.44011181795649,0.0,,0.0316912669133535,0.184136002037039,1.35187523176633,0.0,0.0,0.0,0,0,0,4.592977704874824,26.601785876179836,1.0,0.0,2.9203487747118,0.0,4.612712320644271,4.584755156551213,4.548100852581304,0.240298704973491
Norway,NOR,1995,22975738603.7626,254491639971.383,4.1556430062232,2.46036778693729,2.97964136711412,67.2992862912687,36.6187399936458,,4.0,6.33515666666667,12.3887698412698,5.83666666666667,79.491065979,20963,0.0,0.0,0.0179358708024489,0.159689043490904,0.25,,,,0.0,0.0,1.50372927384955,2.97964136711412,1.0,dexmedia,0.0,0.0,0.0,0.0,0.0,,,,,0.0,0.0,0.0,1,1,1,4.375644637722806,26.262533823562023,0.0,0.0,2.97964136711412,0.0,,,,
Norway,NOR,1996,26953896227.8296,267287258414.612,5.02791307591366,1.26253249164501,6.04816706196701,70.2016361484898,39.4324491405859,,4.25,6.44980833333333,16.4421653543307,5.29833333333333,80.8280334473,23809,0.0,0.0,0.0179358708024489,0.159689043490904,0.25,1.01137539847283,5.67186730198371,,0.232545459437745,0.232545459437745,4.74331933522431,6.04816706196701,1.0,dexmedia,0.0,-0.208294896461386,0.487944034284119,0.0471036783849887,0.0,,0.0349628563529675,0.728147457048923,,0.0,0.0,0.0,0,0,0,4.392323853959498,26.311589791220808,0.0,0.0,6.04816706196701,1.0,4.375644637722806,,,0.0
Norway,NOR,1997,23743940555.0938,281412338539.918,5.28460660979037,2.56692335900252,7.41388032244406,72.1536965321464,40.0360103036781,,3.42,7.07340083333334,22.363984063745,5.46,80.6347579956,26431,0.0,0.0,0.0922909727523822,-0.126800495960691,-0.83,5.38347009261683,-4.61994791383914,,-0.513688726058461,-0.513688726058461,6.2629138638822,7.41388032244406,1.0,dexmedia,0.0,0.334189860263974,-0.924646192862692,-0.0767676065402576,0.0,,0.17990517764973,-0.578182802451181,,0.0,0.0,0.0,0,0,0,4.3899297971952596,26.363086827644548,0.0,0.0,7.41388032244406,1.0,4.392323853959498,4.375644637722806,,0.232545459437745
Norway,NOR,1998,19388853820.2512,288922351936.679,2.66868660973638,2.25241329996429,3.09112967363782,71.6226841846104,36.7545972571568,,5.43,7.5450975,25.6029761904762,5.35333333333333,77.0895080566,26432,0.0,0.0,0.0645566272452596,-0.202629007798954,2.01,3.75268967175894,-7.34400210940976,,-1.41565700904501,-1.41565700904501,2.06163842440696,3.09112967363782,1.0,dexmedia,0.0,0.131843830458255,-1.2985328449438,0.248967994559464,0.0,,0.125841901397946,-0.923944395481077,,0.0,0.0,0.0,0,0,0,4.344967189034283,26.389423810538535,0.0,0.0,3.09112967363782,0.0,4.3899297971952596,4.392323853959498,4.375644637722806,-0.513688726058461
Norway,NOR,1999,24150928580.0503,294908959350.633,2.0720471690145,2.36596736596733,5.75305009192502,69.5067285818851,38.3865932127508,,6.5,7.79917166666667,24.3729761904762,4.97,80.1687088013,23309,0.0,0.0,0.0331195168735672,0.219624474272081,1.07,1.90418094331411,7.8249803952623,,0.544795710458723,0.544795710458723,4.3180473394451,5.75305009192502,1.0,dexmedia,0.0,-0.0975170704738583,0.783466879353405,0.141154098420824,0.0,,0.0645607299296619,1.00144004216565,,0.0,0.0,0.0,0,0,0,4.384133274166149,26.4099325332849,0.0,0.0,5.75305009192502,1.0,4.344967189034283,4.3899297971952596,4.392323853959498,-1.41565700904501
Norway,NOR,2000,27922060281.5661,304696827580.115,3.31894570142394,3.08550609131279,15.1202186228995,74.3125187193698,45.612776085856,,6.44,8.80184166666667,23.315,6.23583333333333,85.6066207886,26340,0.0,0.0,0.12094344841603,0.145094237612295,-0.0599999999999996,7.06826042653108,5.14756527859752,,0.94766802732155,0.94766802732155,13.5105782266721,15.1202186228995,1.0,dexmedia,0.0,0.543234443384032,0.415981615723594,0.0115480317860755,0.0,,0.235758188736777,0.661598302803177,,0.0,0.0,0.0,0,0,0,4.44976262581789,26.442583111266266,0.0,0.0,15.1202186228995,1.0,4.384133274166149,4.344967189034283,4.3899297971952596,0.544795710458723
Norway,NOR,2001,23604634336.1791,310995308438.91,2.06713043546189,3.00419703998233,13.2223574024636,73.1583039085777,44.9851535831821,96.1593991988296,6.5,8.99165416666667,25.7496774193548,3.8875,83.9903182983,26541,0.0,0.0,0.0213358524079101,-0.167974004560811,0.0599999999999996,1.2113003062231,-6.0990600067646,,-1.33646047237987,-1.33646047237987,11.3698755637048,13.2223574024636,1.0,dexmedia,0.0,-0.183489090998954,-1.12765987349204,0.0253115078888805,0.0,,0.0415905283396681,-0.765925085387875,,0.0,0.0,0.0,0,0,0,4.430701533846988,26.463043663606424,0.0,0.0,13.2223574024636,1.0,4.44976262581789,4.384133274166149,4.344967189034283,0.94766802732155
Norway,NOR,2002,32404966342.7747,315279446147.563,1.37755702173065,1.28672528415184,9.052533855479,67.5170140875686,40.4688823606507,102.326357863663,6.75,7.98377883333333,27.2924603174603,1.66666666666667,83.9928207397,25650,0.0,0.0,-0.118884994909363,0.316868630305631,0.25,-7.03373703378647,11.3183675766293,,0.0093222817194509,0.0093222817194509,7.01389610173121,9.052533855479,1.0,dexmedia,0.0,-1.20652140821579,1.26294736832023,0.0471036783849887,0.0,,-0.231745592133269,1.44485233508686,,0.0,0.0,0.0,0,0,0,4.430731327806245,26.476725213131424,0.0,0.0,9.052533855479,1.0,4.430701533846988,4.44976262581789,4.384133274166149,-1.33646047237987
Norway,NOR,2003,37712335260.0565,318258551154.607,0.944909363247831,2.48782553461781,7.2106132062391,66.3207509412935,39.6723098094631,106.589706421509,4.04,7.08021666666667,21.9828571428571,1.1275,86.721244812,29940,0.0,0.0,-0.120107327515758,0.151675542928068,-2.71,-7.10560004667162,5.38399128674605,,-0.474612010787777,-0.474612010787777,5.39934789025675,7.2106132062391,1.0,dexmedia,0.0,-1.21543938141774,0.448431971812428,-0.292395398817538,0.0,,-0.234128316663549,0.69160762983641,,0.0,0.0,0.0,0,0,0,4.4626988919702315,26.486129943322585,0.0,0.0,7.2106132062391,1.0,4.430731327806245,4.430701533846988,4.44976262581789,0.0093222817194509
Norway,NOR,2004,44307531918.0843,331035320834.205,4.01458802387079,0.454498502220863,10.8186693649262,68.671953774992,41.11014734445,105.019095043197,1.88,6.74083333333333,15.4786561264822,1.34916666666667,89.4771499634,34576,0.0,0.0,-0.0491209526320522,0.161167447159212,-2.16,-2.93157836811035,5.72497729475255,,0.0270139786703949,0.0270139786703949,8.93536015510525,10.8186693649262,1.0,dexmedia,0.0,-0.697532401268187,0.495233579925567,-0.229312800013015,0.0,,-0.0957527420726554,0.734888657622472,,0.0,0.0,0.0,0,0,0,4.4939832850127495,26.525490916099322,0.0,0.0,10.8186693649262,1.0,4.4626988919702315,4.430731327806245,4.430701533846988,-0.474612010787777
Norway,NOR,2005,46985905052.1739,339924026052.237,2.68512290339085,1.53213367609249,14.6528203517901,70.4694504909023,43.4420594110174,106.577215393709,2.13,6.4425,12.8070634920635,3.21333333333333,95.0237350464,40386,0.0,0.0,-0.0452668936974774,0.0586929809029151,0.25,-2.70495704931525,2.04369708791249,,-0.726553318761352,-0.726553318761352,12.7845148556305,14.6528203517901,1.0,dexmedia,0.0,-0.669413709091075,-0.0100359312852888,0.0471036783849887,0.0,,-0.0882399254166048,0.267627282729093,,0.0,0.0,0.0,0,0,0,4.5541267029887615,26.551987976799786,0.0,0.0,14.6528203517901,1.0,4.4939832850127495,4.4626988919702315,4.430731327806245,0.0270139786703949
Norway,NOR,2006,56841568846.0479,348291164569.533,2.46147311635166,2.3293498075755,17.735346406301,71.6599299465003,44.5373237369717,97.154666495271,3.0,6.41333333333333,12.8065338645418,4.96416666666667,97.5431213379,46545,0.0,0.0,-0.0045375069749327,0.190420239713252,0.87,-0.310062313277917,6.77585104075125,,0.14899735218784,0.14899735218784,15.6362952277189,17.735346406301,1.0,dexmedia,0.0,-0.372257618004946,0.639469941775602,0.118214971582815,0.0,,-0.0088450795789351,0.86827505686543,,0.0,0.0,0.0,0,0,0,4.580294550363501,26.576304646696965,0.0,0.0,17.735346406301,1.0,4.5541267029887615,4.4939832850127495,4.4626988919702315,-0.726553318761352
Norway,NOR,2007,60839629829.3958,358440508444.307,2.91404000653228,0.712589073634201,16.8216839588268,71.9420263082298,42.9575531295574,107.064013077002,4.5,5.86166666666666,17.5359362549801,5.01916666666667,98.2550506592,55943,0.0,0.0,-0.0899451793116153,0.0679734791035038,1.5,-5.3320415615682,2.37708857150407,,-1.15013035308616,-1.15013035308616,14.037480244603,16.8216839588268,1.0,dexmedia,0.0,-0.995380431840131,0.0357232998765183,0.190473221122542,0.0,,-0.175332461888861,0.309944344796603,,0.0,0.0,0.0,0,0,0,4.587566655628626,26.60502853745352,0.0,0.0,16.8216839588268,1.0,4.580294550363501,4.5541267029887615,4.4939832850127495,0.14899735218784
Norway,NOR,2008,50949819414.8049,360167903328.752,0.481919549757933,3.75393081761005,18.2503988846254,74.7852799340995,46.2181008986951,119.247712265005,4.85,5.64,32.694861660079,1.9275,103.782661438,70588,0.0,0.0,-0.0385499117478676,-0.177400167741716,0.35,-2.30999238073374,-6.43768434131367,,-1.85311809308587,-1.85311809308587,15.220152763046,18.2503988846254,1.0,dexmedia,0.0,-0.620407518213732,-1.17413733306814,0.058573241803993,0.0,,-0.0751463389598147,-0.808906348221321,,0.0,0.0,0.0,0,0,0,4.642298918609803,26.609836157802185,0.0,0.0,18.2503988846254,1.0,4.587566655628626,4.580294550363501,4.5541267029887615,-1.15013035308616
Norway,NOR,2009,48859300062.3353,353179332378.308,-1.94036472596633,2.19738586853568,9.9964309513685,67.4643154601855,39.8101497225902,127.534315525767,1.75,6.28833333333333,31.4790079365079,0.16,92.9979476929,55719,0.0,0.0,0.108811999238196,-0.0418964749461956,-3.1,6.35489679165699,-1.56986623534503,,0.285840682515364,0.285840682515364,7.69869512688209,9.9964309513685,1.0,dexmedia,0.0,0.454725032686234,-0.506011046322524,-0.337126696151655,0.0,,0.212110041421843,-0.191038852913687,,0.0,0.0,0.0,0,0,0,4.532577425091478,26.590241788613923,0.0,0.0,9.9964309513685,1.0,4.642298918609803,4.587566655628626,4.580294550363501,-1.85311809308587
Norway,NOR,2010,53215083706.0825,355959036888.204,0.787051861494078,2.41890639481003,10.6471420757941,68.2395193584281,40.150329072743,127.637466122607,2.0,6.04416666666666,22.5488888888889,0.175,96.6027755737,68249,0.0,0.0,-0.0396024451608439,0.0853971441156531,0.25,-2.37188410924257,3.0030141848115,,-0.553556400687384,-0.553556400687384,8.63750758861529,10.6471420757941,1.0,dexmedia,0.0,-0.628086659489985,0.12163393718759,0.0471036783849887,0.0,,-0.0771980695353697,0.38939248409109,,0.0,0.0,0.0,0,0,0,4.570607473452696,26.59808149625719,0.0,0.0,10.6471420757941,1.0,4.532577425091478,4.642298918609803,4.587566655628626,0.285840682515364
Norway,NOR,2011,49397087253.2418,359894719457.521,1.10565603382983,1.2849515880916,12.9750594030816,69.5987336334833,41.6612661743411,124.978175605149,2.0,5.60460730676328,24.2025793650794,0.101666666666667,100.6527252197,83950,0.0,0.0,-0.0755046267551946,-0.0744504245003306,0.0,-4.48293180144061,-2.73933034212422,,-1.57497826520403,-1.57497826520403,10.9748715397488,12.9750594030816,1.0,dexmedia,0.0,-0.890024115526766,-0.666524379839789,0.018429769837478,0.0,,-0.147183119699204,-0.339477813198978,,0.0,0.0,0.0,0,0,0,4.611676227920936,26.60907737967458,1.0,0.0,12.9750594030816,1.0,4.570607473452696,4.532577425091478,4.642298918609803,-0.553556400687384
Norway,NOR,2012,51856399587.6548,369676511271.49,2.71795924894734,0.696864111498263,13.3589290648173,68.4985528389766,41.2870648544023,122.683821631454,1.5,5.8175,17.79888,0.14,100.0,80947,0.0,0.0,0.0372816233621847,0.0485868921158534,-0.5,2.14890419750861,1.68064718895187,,-0.0880987489517394,-0.0880987489517394,11.5882993810146,13.3589290648173,1.0,dexmedia,0.0,-0.0671509050496883,-0.0598658911595946,-0.0389180472575435,0.0,,0.0726740316416378,0.221545706372048,,0.0,0.0,0.0,0,0,0,4.605170185988092,26.635894166306052,1.0,0.0,13.3589290648173,1.0,4.611676227920936,4.570607473452696,4.532577425091478,-1.57497826520403
Norway,NOR,2013,58283142155.4752,373433130118.312,1.01619084044641,2.12048620353112,10.3311019947171,67.9727925936832,39.8613095344032,124.210093727703,1.75202764781328,5.875,14.230119047619,0.1075,101.2304229736,83026,0.0,0.0,0.0098354438359129,0.116834542603243,0.25202764781328,0.535068339445667,4.13236744748156,-0.676362516627552,-0.0380888486546583,-0.0380888486546583,8.48222754863892,10.3311019947171,1.0,dexmedia,0.0,-0.267394514874547,0.276641906956736,0.0473362407368469,0.0,,0.019172484781489,0.532740213306314,,0.0,0.0,0.0,0,0,0,4.61739933394432,26.646004789662644,1.0,0.0,10.3311019947171,1.0,4.605170185988092,4.611676227920936,4.570607473452696,-0.0880987489517394
Norway,NOR,2014,64800723856.6031,381081533571.259,2.04813200438943,2.04170286707211,8.33778381019065,69.1373772209037,39.7276720425482,128.244980036536,3.94314737872022,6.30166666666667,14.1759920634921,0.0891666666666667,100.416053772,71935,0.0,0.0,0.0701080886445644,0.106003879232798,2.19111973090694,4.07910567323739,3.74328801970637,-0.518349069113173,0.125844200898678,0.125844200898678,6.13258278194591,8.33778381019065,1.0,dexmedia,0.0,0.172346541202972,0.223239296655872,0.269741636960166,0.0,,0.136663508533209,0.483354733758422,0.238972060638745,0.0,0.0,0.0,0,0,0,4.609322092602776,26.666279188053316,1.0,0.0,8.33778381019065,1.0,4.61739933394432,4.605170185988092,4.611676227920936,-0.0380888486546583
Norway,NOR,2015,57455936481.5608,388159512245.53,1.85733971623901,2.17113665389527,5.8005458274039,70.431856540017,38.5751887349717,137.836062619981,6.4863764717603,8.06416666666667,16.674126984127,0.1325,91.066116333,56784,0.0,0.0,0.246616230430064,-0.120298441953782,2.54322909304008,14.4578347589924,-4.38636892002828,-0.33494311865706,0.25741240212234,0.25741240212234,3.32915719866372,5.8005458274039,1.0,dexmedia,0.0,1.46012604584311,-0.892586600166491,0.310127043554278,0.0,,0.480735389644944,-0.548534844224196,0.277374480484749,0.0,0.0,0.0,0,0,0,4.511585795814804,26.684682206120335,1.0,0.0,5.8005458274039,1.0,4.609322092602776,4.61739933394432,4.605170185988092,0.125844200898678
Norway,NOR,2016,60445172369.6599,392680500171.757,1.16472423928819,3.55000000000007,3.90643514614461,69.1168423974699,35.9381714261875,144.971606544856,4.74390945028618,8.4,15.8256349206349,0.395,88.8098449707,57733,0.0,0.0,0.0408013267444165,0.0507183803589619,-1.74246702147412,2.35587571737127,1.75721851220088,-0.460601802370009,0.0905957745900165,0.0905957745900165,1.48575049268772,3.90643514614461,1.0,dexmedia,0.0,-0.0414716257133339,-0.049356189942381,-0.181423590245731,0.0,,0.0795350803809732,0.231264831178739,-0.190040246930902,0.0,0.0,0.0,0,0,0,4.486497510640018,26.696262141508733,1.0,0.0,3.90643514614461,0.0,4.511585795814804,4.609322092602776,4.61739933394432,0.25741240212234
Norway,NOR,2017,65923863904.4306,402355151331.034,2.46374626574153,1.87510059552545,4.79133922848099,69.1087817621061,36.7322649944946,145.264892481515,-1.03296139607027,8.27166666666666,11.0902390438247,1.00166666666667,91.6685562134,58428,0.0,0.0,-0.0153956854779742,0.0867637866108879,-5.77687084635645,-0.948527973637419,3.05210928285232,-0.877203079517131,0.321047100742882,0.321047100742882,2.48229652491865,4.79133922848099,1.0,dexmedia,0.0,-0.451477418250386,0.128372423473922,-0.644152095519345,0.0,,-0.0300112074708068,0.395624077917732,-0.630048057495369,0.0,0.0,0.0,0,0,0,4.518179422023103,26.72060099656591,1.0,0.0,4.79133922848099,1.0,4.486497510640018,4.511585795814804,4.609322092602776,0.0905957745900165
Norway,NOR,2018,63145471060.2408,405690399924.369,0.828931500516902,2.76483134528797,7.55931854040645,70.0031957894984,38.2210272883516,142.491642157692,-3.57596654095455,8.1325,16.6398406374502,1.83166666666667,95.1162338257,61622,0.0,0.0,-0.0169676410059241,-0.0430593698912993,-2.54300514488428,-1.04095931562636,-1.61164193128596,-1.06059287986531,-0.701449292175052,-0.701449292175052,5.48966485048339,7.55931854040645,1.0,dexmedia,0.0,-0.46294619295178,-0.511744917226839,-0.273241818003567,0.0,,-0.0330754609950606,-0.196341402034038,-0.277350055825743,0.0,0.0,0.0,0,0,0,4.555099657672047,26.72885614388739,1.0,0.0,7.55931854040645,1.0,4.518179422023103,4.486497510640018,4.511585795814804,0.321047100742882
Norway,NOR,2019,66946037549.8517,410249333418.695,1.12374694968757,2.16773003305411,6.28415659150732,70.8958205272987,36.640925320627,149.388132180241,3.80513912675513,8.8,15.3878571428571,2.15833333333333,90.571647644,65115,0.0,0.0,0.0788833421187913,0.0584457561234082,7.38110566770968,4.5951127717749,2.03481581513595,-0.528301587622698,-0.639895682243014,-0.639895682243014,4.29018708899256,6.28415659150732,1.0,dexmedia,0.0,0.236369602449997,-0.0112549192738501,0.86501036541916,0.0,,0.153769336851196,0.266499991272008,0.80501216173833,0.0,0.0,0.0,0,0,0,4.506141224161322,26.740030942097974,1.0,0.0,6.28415659150732,1.0,4.555099657672047,4.518179422023103,4.486497510640018,-0.701449292175052
Norway,NOR,2020,75258813465.0281,405005642242.722,-1.27817177234034,1.28658490707996,-2.46161258003804,65.3539790413323,32.2103377797679,163.535991564534,5.34941943034869,9.41583333333334,29.2513043478261,0.375833333333333,86.1273345947,54884,0.0,0.0,0.0676409479489943,0.117046134058924,1.54428030359356,3.93405925586148,4.13996863308605,-0.416935215782138,0.236479836275695,0.236479836275695,-4.39600069570513,-2.46161258003804,1.0,dexmedia,0.0,0.154346616719716,0.277685198181312,0.195551978625333,0.0,,0.13185424743338,0.533705024523285,0.168425230784093,0.0,0.0,0.0,0,0,0,4.455826836016651,26.72716683541942,1.0,0.0,2.46161258003804,0.0,4.506141224161322,4.555099657672047,4.518179422023103,-0.639895682243014
Norway,NOR,2021,84270941751.0846,420836044191.958,3.90868676830634,3.48388055266669,9.92639846159237,71.2227137759599,43.0363019206366,137.565053651411,-14.922876785153,8.59,19.6561507936508,0.08,98.7241897583,60875,0.0,0.0,-0.0917939334369913,0.113104085893788,-20.2722962155017,-5.44077650839896,3.99835497638821,-1.87887970419137,1.55609360228035,1.55609360228035,8.73942662801304,9.92639846159237,1.0,dexmedia,0.0,-1.00886869163197,0.258248192824424,-2.3067141010879,0.0,,-0.178936286070548,0.515730138555785,-2.21097566333915,0.0,0.0,0.0,0,0,0,4.592330000082058,26.765509151051326,1.0,0.0,9.92639846159237,1.0,4.455826836016651,4.506141224161322,4.555099657672047,0.236479836275695
Norway,NOR,2022,72077375478.9292,434497344228.607,3.24622860260932,5.76412317852272,24.6683423655729,82.6094798361389,55.4998207714937,110.276168888199,-19.6029294934185,9.61416666666667,25.6371484375,1.68333333333333,106.0241622925,77935,0.0,0.0,0.112638969155034,-0.156296903710764,-4.6800527082655,6.57996123526694,-5.67957326237879,-2.21638351676301,-0.0690858143377958,-0.0690858143377958,23.4493775606416,24.6683423655729,1.0,dexmedia,0.0,0.482646087057581,-1.07008374497524,-0.518351843579862,0.0,,0.219570052755737,-0.712680034232253,-0.510424795056372,0.0,0.0,0.0,0,0,0,4.66366701429195,26.797455669386014,1.0,0.0,24.6683423655729,1.0,4.592330000082058,4.455826836016651,4.506141224161322,1.55609360228035
Norway,NOR,2023,80459096008.3425,434810705801.472,0.0721204806030329,5.51784987104659,15.8575123282713,80.3638456401269,47.9120990269837,127.432045772675,18.4261670599042,10.5633333333333,16.8490272373541,5.02416666666667,96.8256988525,88446,0.0,0.0,0.094151179883518,0.110008729753186,38.0290965533227,5.49287765415889,3.88715778054207,0.526099501159722,-3.78945347629517,-3.78945347629517,13.519250199816,15.8575123282713,1.0,dexmedia,0.0,0.347761679635192,0.242985960764841,4.3802011166952,0.0,,0.183531327471448,0.501615984865783,4.14760153878752,0.0,0.0,0.0,0,0,0,4.572912443061316,26.79817661424883,1.0,0.0,15.8575123282713,1.0,4.66366701429195,4.592330000082058,4.455826836016651,-0.0690858143377958
New Zealand,NZL,1995,4409840589.36152,102929582187.084,4.72208114777668,3.75494413677554,3.70156928264735,56.9142524626959,29.3933663078266,,5.0,1.52387666666667,12.3887698412698,5.83666666666667,32.761680603,20963,0.0,0.0,-0.0463564424717464,0.300135552057245,0.25,,,,0.0,0.0,9.87738263204822,3.70156928264735,1.0,dexmedia,0.0,0.0,0.0,0.0,0.0,,,,,0.0,0.0,0.0,1,1,1,3.489259558126921,25.357310923281887,0.0,0.0,3.70156928264735,0.0,,,,
New Zealand,NZL,1996,5953469109.84827,106647274008.341,3.61187886151062,2.28571305402195,2.58093398192802,55.1161709577551,28.3488788439284,,5.25,1.4548475,16.4421653543307,5.29833333333333,33.9722709656,23809,0.0,0.0,-0.0463564424717464,0.300135552057245,0.25,-2.30298881511865,7.12700134753072,,0.455975210321097,0.455975210321097,7.87303659503822,2.58093398192802,1.0,dexmedia,0.0,-0.677362909431728,1.18044179813781,0.0471036783849887,0.0,,-0.0903638109922702,1.36855312188595,,0.0,0.0,0.0,0,0,0,3.525544632031014,25.392792721371524,0.0,0.0,2.58093398192802,0.0,3.489259558126921,,,0.0
New Zealand,NZL,1997,4451316559.89595,108864761861.002,2.07927288651346,1.18714833105632,1.24263508311334,55.2468635214425,28.3203739922721,,5.3,1.51242083333333,22.363984063745,5.46,34.0152168274,26431,0.0,0.0,0.0388104838213559,-0.290774184747853,0.0499999999999998,1.9194078127375,-6.98971997219518,,-1.81331021436329,-1.81331021436329,5.68323822203918,1.24263508311334,1.0,dexmedia,0.0,-0.0559965461353669,-1.73314911668094,0.0241645515469801,0.0,,0.0756542788349013,-1.32586731419481,,0.0,0.0,0.0,0,0,0,3.5268079782409143,25.413372231977597,0.0,0.0,1.24263508311334,0.0,3.525544632031014,3.489259558126921,,0.455975210321097
New Zealand,NZL,1998,4203708705.11042,109799263892.122,0.858406352198429,1.26524409915406,-0.46873046702334,57.8960178233763,29.6173216258214,,7.85870211640595,1.86824916666667,25.6029761904762,5.35333333333333,26.9476604462,26432,0.0,0.0,0.211290149822748,-0.0572327478993699,2.55870211640595,10.4706666904857,-1.41045942654306,-0.235977323605278,0.308860605931027,0.308860605931027,3.47863335569352,-0.46873046702334,1.0,dexmedia,0.0,1.20239174460815,-0.581629406895058,0.311901731782064,0.0,,0.411873348019494,-0.260968936451937,,0.0,0.0,0.0,0,0,0,3.293896482685052,25.421919661920334,0.0,0.0,0.46873046702334,0.0,3.5268079782409143,3.525544632031014,3.489259558126921,-1.81331021436329
New Zealand,NZL,1999,4455337955.03925,115703970647.011,5.37772890780957,-0.114267129777524,-1.10363782554155,61.4012311333669,30.9505515371504,,6.42972451271358,1.88961389919167,24.3729761904762,4.97,31.0143013,23309,0.0,0.0,0.0113708042823818,0.0581357570842052,-1.42897760369237,0.559014547962499,1.34567223365277,-0.339028596612073,-0.123508437755666,-0.123508437755666,2.34957091052064,-1.10363782554155,1.0,dexmedia,0.0,-0.25619273293295,-0.0127834274841021,-0.145467722661386,0.0,,0.0221654025679278,0.265086462784713,-0.155849868788154,0.0,0.0,0.0,0,0,0,3.434448430362201,25.474300789027453,0.0,0.0,1.10363782554155,0.0,3.293896482685052,3.5268079782409143,3.525544632031014,0.308860605931027
New Zealand,NZL,2000,3952081062.22381,119024733715.31,2.87005108790095,2.6152344624632,0.178577479860508,68.5169268768932,35.7454584901409,,4.79144543130933,2.20114916666667,23.315,6.23583333333333,40.9591217041,26340,0.0,0.0,0.152607050412318,-0.119860626391006,-1.63827908140425,7.5613396058257,-2.90662754232358,-0.4571737266987,0.0532936162341662,0.0532936162341662,3.39948724996262,0.178577479860508,1.0,dexmedia,0.0,0.774247796543994,-0.890427868694291,-0.169473688384463,0.0,,0.297480866180606,-0.546538500068562,-0.178677103976639,0.0,0.0,0.0,0,0,0,3.7125745377303567,25.502597154808022,0.0,0.0,0.178577479860508,0.0,3.434448430362201,3.293896482685052,3.5268079782409143,-0.123508437755666
New Zealand,NZL,2001,3564653927.06515,123084659196.388,3.41099312247906,2.62581630392903,1.29271019097998,67.2338243520418,35.4310398408851,,3.5948864320687,2.37875083333333,25.7496774193548,3.8875,37.8893966675,26541,0.0,0.0,0.0775959174795703,-0.103175317374447,-1.19655899924063,3.84239876334627,-2.5080186806829,-0.543464042082838,-0.462370783623062,-0.462370783623062,3.65813337385937,1.29271019097998,1.0,dexmedia,0.0,0.226976726589503,-0.808157833638795,-0.118810323426229,0.0,,0.151259726739586,-0.470457104220168,-0.130501389627855,0.0,0.0,0.0,0,0,0,3.6346713016390195,25.536138241708045,0.0,0.0,1.29271019097998,0.0,3.7125745377303567,3.434448430362201,3.293896482685052,0.0532936162341662
New Zealand,NZL,2002,4962816762.42559,128886227124.252,4.71347767117496,2.67709257711605,2.55554543381339,62.6559945554479,32.8470717038637,,6.85698540742286,2.16219083333333,27.2924603174603,1.66666666666667,39.2581253052,25650,0.0,0.0,-0.0954535075938054,0.330906501198324,3.26209897535416,-4.73722716663631,7.86211347500494,-0.308216511809593,-0.0959830149826519,-0.0959830149826519,4.62257010429512,2.55554543381339,1.0,dexmedia,0.0,-1.03556844920227,1.33216371482603,0.392578280606413,0.0,,-0.186069988524529,1.50886198640322,0.355777232595708,0.0,0.0,0.0,0,0,0,3.6701584369491687,25.582195891875173,0.0,0.0,2.55554543381339,0.0,3.6346713016390195,3.7125745377303567,3.434448430362201,-0.462370783623062
New Zealand,NZL,2003,6085430341.53138,134980022138.236,4.72804204913962,1.75357444759557,3.68668380236877,57.914769345753,29.8397254017245,,4.82755856658049,1.72209914639778,21.9828571428571,1.1275,42.8223724365,29940,0.0,0.0,-0.227578001704986,0.203923970441227,-2.02942684084237,-11.2877444906849,4.82852494613172,-0.454569413970255,-1.07914163054178,-1.07914163054178,5.63855857734549,3.68668380236877,1.0,dexmedia,0.0,-1.99953086961059,0.706052610353567,-0.214336628715233,0.0,,-0.443623678512471,0.929849144700758,-0.22133720363649,0.0,0.0,0.0,0,0,0,3.7570606864959637,25.62839262027289,0.0,0.0,3.68668380236877,0.0,3.6701584369491687,3.6346713016390195,3.7125745377303567,-0.0959830149826519
New Zealand,NZL,2004,6947354918.07845,140497957984.618,4.08796484025709,2.29024902847571,4.49448811560221,58.7995522745359,29.5434106069527,,4.22652471005878,1.50868127077323,15.4786561264822,1.34916666666667,50.7601737976,34576,0.0,0.0,-0.132308042015698,0.132463554171448,-0.60103385652171,-6.56432170855699,3.12134918130787,-0.497913203176401,-0.900244283029989,-0.900244283029989,6.23179863505473,4.49448811560221,1.0,dexmedia,0.0,-1.30445414252764,0.353703669991686,-0.0505061895059668,0.0,,-0.257911484660429,0.604005121535443,-0.0655510957163414,0.0,0.0,0.0,0,0,0,3.9271120667489146,25.668458791697283,0.0,0.0,4.49448811560221,1.0,3.7570606864959637,3.6701584369491687,3.6346713016390195,-1.07914163054178
New Zealand,NZL,2005,8892727557.55881,145208752801.012,3.35292760405062,3.03702332617012,5.1312714456112,58.0187434407163,28.2851654320382,,5.64896991951072,1.42027345661433,12.8070634920635,3.21333333333333,64.1120834351,40386,0.0,0.0,-0.0603865104842375,0.246872814534434,1.42244520945194,-2.99856661642849,5.85456466980646,-0.395333016308758,-0.0434824968338774,-0.0434824968338774,6.4128631498259,5.1312714456112,1.0,dexmedia,0.0,-0.779724386088991,0.91781991449127,0.181578025236157,0.0,,-0.117712985055016,1.12568657303028,0.15513742040365,0.0,0.0,0.0,0,0,0,4.160632855288936,25.701438218518987,0.0,0.0,5.1312714456112,1.0,3.9271120667489146,3.7570606864959637,3.6701584369491687,-0.900244283029989
New Zealand,NZL,2006,14068475834.3701,149245237527.889,2.77978059105617,3.36540196171993,4.6213476893771,59.6032650403479,29.6086137531685,,5.33789397917863,1.54205575669681,12.8065338645418,4.96416666666667,76.3972549438,46545,0.0,0.0,0.0822670050218895,0.458702723579034,-0.31107594033209,4.07388950850567,10.9151409421378,-0.41776637815444,2.24059250923995,2.24059250923995,5.43957764041633,4.6213476893771,1.0,dexmedia,0.0,0.261056348869413,1.96228687795036,-0.017249282420175,0.0,,0.160365198369764,2.09158508570135,-0.0339271548823692,0.0,0.0,0.0,0,0,0,4.335946765472001,25.728856679349132,0.0,0.0,4.6213476893771,1.0,4.160632855288936,3.9271120667489146,3.7570606864959637,-0.0434824968338774
New Zealand,NZL,2007,17247175110.1585,153806793428.762,3.05641638984955,2.37614310290659,3.60051635392939,58.4251605749091,29.2731139479196,,3.13610198531721,1.36067522852426,17.5359362549801,5.01916666666667,81.0554351807,55943,0.0,0.0,-0.125135365076611,0.203711830415422,-2.20179199386142,-6.20867026646868,4.8234569612289,-0.576549460042711,-0.313010489150156,-0.313010489150156,4.1783116577638,3.60051635392939,1.0,dexmedia,0.0,-1.25212326270462,0.705006614301452,-0.234106159253017,0.0,,-0.243929600187147,0.928881832122816,-0.240136019245815,0.0,0.0,0.0,0,0,0,4.395133305534771,25.75896306358058,0.0,0.0,3.60051635392939,0.0,4.335946765472001,4.160632855288936,3.9271120667489146,2.24059250923995
New Zealand,NZL,2008,11052155510.1672,152242519171.133,-1.01703846933975,3.9589493731206,1.47641262282326,64.2611448527979,32.0052043552236,,6.03114691203804,1.4227268095265,32.694861660079,1.9275,99.4266967773,70588,0.0,0.0,0.044594250516549,-0.44502289060328,2.89504492672083,2.20614487243135,-10.6746922426855,-0.367772174562824,-2.85797894540444,-2.85797894540444,1.84496166149964,1.47641262282326,1.0,dexmedia,0.0,-0.0137989674041756,-2.49370119428388,0.35047878371639,0.0,,0.0869287246853645,-2.02920800975176,0.315744886973319,0.0,0.0,0.0,0,0,0,4.59942065685007,25.748740607164272,0.0,0.0,1.47641262282326,0.0,4.395133305534771,4.335946765472001,4.160632855288936,-0.313010489150156
New Zealand,NZL,2009,15594002509.4738,152185479818.28,-0.0374661120713,2.1156511055456,-1.80034520046581,55.0143501856026,28.6654584101329,,3.91813906212928,1.60087729521946,31.4790079365079,0.16,68.4255371094,55719,0.0,0.0,0.117976469875853,0.344260908079264,-2.11300784990876,5.84429648412975,8.18114771760828,-0.520152553544135,2.14352088948042,2.14352088948042,-1.44006820828481,-1.80034520046581,1.0,dexmedia,0.0,0.521587769660674,1.3980101142634,-0.223923005556346,0.0,,0.229974580812461,1.56975518983272,-0.230452874352756,0.0,0.0,0.0,0,0,0,4.225746104503535,25.748365875840545,0.0,0.0,1.80034520046581,0.0,4.59942065685007,4.395133305534771,4.335946765472001,-2.85797894540444
New Zealand,NZL,2010,16722654735.8853,154405312544.983,1.45863634911349,2.30202385958572,-5.49129944173892,58.1047406012087,30.197296130602,,3.00090695832905,1.38783382768108,22.5488888888889,0.175,84.3416748047,68249,0.0,0.0,-0.142807654264509,0.0698779853096703,-0.91723210380023,-7.08483722075417,1.62619183454435,-0.586299101744105,-1.24917132019062,-1.24917132019062,-4.85880152037059,-5.49129944173892,1.0,dexmedia,0.0,-1.38105789192929,0.0451138237313196,-0.0867727480073567,0.0,,-0.278378650088879,0.318628480668661,-0.100036909365252,0.0,0.0,0.0,0,0,0,4.434876105895735,25.762846881619918,0.0,0.0,5.49129944173892,1.0,4.225746104503535,4.59942065685007,4.395133305534771,2.14352088948042
New Zealand,NZL,2011,17011945022.1814,157637781921.494,2.09349621669912,4.0279066739204,-4.94152060623559,59.1724105593848,30.3601069067379,,3.54838795075054,1.26581069673447,24.2025793650794,0.101666666666667,103.2981491089,83950,0.0,0.0,-0.0920313503309506,0.0171513745553753,0.54748099242149,-4.56741679724377,0.366563123438065,-0.546817298061335,-1.30668888928218,-1.30668888928218,-4.13544689048663,-4.94152060623559,1.0,dexmedia,0.0,-1.0106008531459,-0.214864586666018,0.0812234494702549,0.0,,-0.179399088955933,0.0782065537771318,0.0597104115644812,0.0,0.0,0.0,0,0,0,4.637619458335835,25.783565718643228,1.0,0.0,4.94152060623559,1.0,4.434876105895735,4.225746104503535,4.59942065685007,-1.24917132019062
New Zealand,NZL,2012,17582960687.9069,161367975232.595,2.36630664656174,1.05991318445632,-2.17513928381534,56.9087671962042,28.8015197819443,,6.01352181074188,1.23428365501329,17.79888,0.14,100.0,80947,0.0,0.0,-0.0252220185284548,0.0330145446806291,2.46513385999134,-1.25517246562924,0.745531243199095,-0.369043215564971,-0.960987136145085,-0.960987136145085,-1.26823404304506,-2.17513928381534,1.0,dexmedia,0.0,-0.523169013777774,-0.136648261094778,0.301169861272533,0.0,,-0.0491659323628628,0.150539174318478,0.268857109889033,0.0,0.0,0.0,0,0,0,4.605170185988092,25.80695315446144,1.0,0.0,2.17513928381534,0.0,4.637619458335835,4.434876105895735,4.225746104503535,-1.30668888928218
New Zealand,NZL,2013,16317764962.7089,165546666710.166,2.58954199031598,1.13442266445817,-1.27795527156549,55.9861241102171,28.7976232386808,,1.2955107017154,1.21940797394829,14.230119047619,0.1075,101.3492965698,83026,0.0,0.0,-0.0121252916578431,-0.0746759010157341,-4.71801110902648,-0.605871717813016,-1.82717303971237,-0.709284412900105,-0.572547695243396,-0.572547695243396,-0.495229580544928,-1.27795527156549,1.0,dexmedia,0.0,-0.427617067724546,-0.667636133946832,-0.522705506427982,0.0,,-0.0236361443021278,-0.340505937281421,-0.514564686236416,0.0,0.0,0.0,0,0,0,4.618572932270075,25.83251896609586,1.0,0.0,1.27795527156549,0.0,4.605170185988092,4.637619458335835,4.434876105895735,-0.960987136145085
New Zealand,NZL,2014,15861069905.1322,171881119396.758,3.82638491760299,1.227507505974,-0.327814432134113,55.0986550961851,27.9544041792052,148.826244713504,5.33267299821282,1.20543333333333,14.1759920634921,0.0891666666666667,95.6190719604,71935,0.0,0.0,-0.0115263586871904,-0.0283867160715268,4.03716229649742,-0.576177752474416,-0.721333207883503,-0.418142891217683,-1.34412064846436,-1.34412064846436,0.312876052948255,-0.327814432134113,1.0,dexmedia,0.0,-0.423247333861521,-0.439398654840456,0.48147465976238,0.0,,-0.022468628788182,-0.129437278034854,0.440308660233598,0.0,0.0,0.0,0,0,0,4.560372297654101,25.870068908496403,1.0,0.0,0.327814432134113,0.0,4.618572932270075,4.605170185988092,4.637619458335835,-0.572547695243396
New Zealand,NZL,2015,14699798262.9867,178224167087.99,3.69036908387233,0.292704628136101,0.373609881405662,54.851331734287,27.9337478332662,152.138071941222,4.23651039702901,1.433975,16.674126984127,0.1325,57.4461593628,56784,0.0,0.0,0.1736111932515,-0.0760339031872341,-1.09616260118381,8.60246664260848,-1.85961545352391,-0.497193081495368,0.360454456280245,0.360454456280245,1.01442427948084,0.373609881405662,1.0,dexmedia,0.0,0.927491178901411,-0.674332017501872,-0.107295294880706,0.0,,0.338424784487782,-0.346698133102927,-0.119551767028083,0.0,0.0,0.0,0,0,0,4.050848150237628,25.90630796056558,1.0,0.0,0.373609881405662,0.0,4.560372297654101,4.618572932270075,4.605170185988092,-1.34412064846436
New Zealand,NZL,2016,17808384489.6379,184959455627.068,3.77911068354334,0.646240284454524,0.982982375272166,52.4062478142589,26.6113743203496,154.780329050201,2.53890262951705,1.436525,15.8256349206349,0.395,53.5948562622,57733,0.0,0.0,0.0017766944231226,0.191835615053645,-1.69760776751196,0.0833506748197726,4.53973643311285,-0.619616722745096,0.496537084629366,0.496537084629366,1.62437556447473,0.982982375272166,1.0,dexmedia,0.0,-0.326190059498397,0.646448714464514,-0.176278429663249,0.0,,0.0034633563423234,0.87472886191271,-0.185147721795538,0.0,0.0,0.0,0,0,0,3.9814530982143337,25.943402479233338,1.0,0.0,0.982982375272166,0.0,4.050848150237628,4.560372297654101,4.618572932270075,0.360454456280245
New Zealand,NZL,2017,20683740690.7906,191208740301.496,3.37873219470765,1.85078767452536,1.38303776173008,54.1432970416804,27.5634416584186,153.082506645565,1.10541946348065,1.40740833333333,11.0902390438247,1.00166666666667,62.8384666443,58428,0.0,0.0,-0.0204770510802634,0.149678532612416,-1.4334831660364,-1.01993979919641,3.53261174484302,-0.722992916124306,0.0960194564386448,0.0960194564386448,2.00187080943921,1.38303776173008,1.0,dexmedia,0.0,-0.488550373707384,0.438585339154211,-0.145984490991818,0.0,,-0.0399164447233794,0.682501695257215,-0.15634126298378,0.0,0.0,0.0,0,0,0,4.1405674121396805,25.976631549392845,1.0,0.0,1.38303776173008,0.0,3.9814530982143337,4.050848150237628,4.560372297654101,0.496537084629366
New Zealand,NZL,2018,17656593019.6171,197844796498.754,3.47058203866328,1.59829703801696,1.31171563341427,55.7664814899437,27.8656152284463,153.152361231044,1.75,1.44525833333333,16.6398406374502,1.83166666666667,74.9398345947,61622,0.0,0.0,0.0265381313623549,-0.158238661932508,0.64458053651935,1.31096698707992,-3.82347151830408,-0.676508741234451,-1.31755225821176,-1.31755225821176,1.92829309922795,1.31171563341427,1.0,dexmedia,0.0,-0.145533968095354,-1.07965794685628,0.092360343260123,0.0,,0.0517314651135595,-0.721534031228279,0.0703004664176424,0.0,0.0,0.0,0,0,0,4.31668558619337,26.010748704198246,1.0,0.0,1.31171563341427,0.0,4.1405674121396805,3.9814530982143337,4.050848150237628,0.0960194564386448
New Zealand,NZL,2019,17813501891.014,202429793153.827,2.31747144034802,1.61963190184048,-2.43556769493761,54.4542971758367,27.3298341875002,155.390582013937,1.25,1.517875,15.3878571428571,2.15833333333333,67.5585632324,65115,0.0,0.0,0.0490232474129164,0.0088474471424326,-0.5,2.42573477495336,0.168183875565711,-0.712566434770207,-0.198376211453435,-0.198376211453435,-1.8141361992831,-2.43556769493761,1.0,dexmedia,0.0,0.0185143943000564,-0.255808653011035,-0.0389180472575435,0.0,,0.095562282764646,0.0403424430211712,-0.0545319494110508,0.0,0.0,0.0,0,0,0,4.212994825171131,26.033658962903573,1.0,0.0,2.43556769493761,0.0,4.31668558619337,4.1405674121396805,3.9814530982143337,-1.31755225821176
New Zealand,NZL,2020,13733288688.8516,201807833897.729,-0.307246896026541,1.71456170007245,-4.21370830995382,43.9772422862431,21.6971482843436,159.518561184643,0.25,1.54205833333333,29.2513043478261,0.375833333333333,52.6991729736,54884,0.0,0.0,0.0158067736922183,-0.260133986089851,-1.0,0.778934135836613,-6.25773144891472,-0.784681821841718,-1.70963452605235,-1.70963452605235,-3.53760351216865,-4.21370830995382,1.0,dexmedia,0.0,-0.223828500714472,-1.58207188969045,-0.0962658643525649,0.0,,0.0308125523478591,-1.18615464356585,-0.109063898822102,0.0,0.0,0.0,0,0,0,3.9645997623236093,26.030581764220116,1.0,0.0,4.21370830995382,1.0,4.212994825171131,4.31668558619337,4.1405674121396805,-0.198376211453435
New Zealand,NZL,2021,16113750239.6804,210960637812.921,4.53540565716095,3.94112060778728,-3.34965067619897,48.5412477650846,22.3098859845046,155.546350252594,0.63,1.4138,19.6561507936508,0.08,76.2205963135,60875,0.0,0.0,-0.0868369893293477,0.159850242779147,0.38,-4.30992670541731,3.77561196776212,-0.757277974754544,-0.545978751876461,-0.545978751876461,-2.59727196013668,-3.34965067619897,1.0,dexmedia,0.0,-0.972703498554208,0.488738857507442,0.0620141108296943,0.0,,-0.169273586852087,0.728882490894992,0.0414442815523986,0.0,0.0,0.0,0,0,0,4.333631718998159,26.07493740237008,1.0,0.0,3.34965067619897,0.0,3.9645997623236093,4.212994825171131,4.31668558619337,-1.70963452605235
New Zealand,NZL,2022,14399554617.1628,218336637842.863,3.49638686458842,7.17222476016441,-3.96234961243119,53.4761627655817,24.0473873191656,146.118612985772,2.54,1.57718333333333,25.6371484375,1.68333333333333,91.1829452515,77935,0.0,0.0,0.109359440960804,-0.112475682909519,1.91,5.41707813867699,-2.73020264593638,-0.619537585447957,-0.632794362172452,-0.632794362172452,-3.22476713572352,-3.96234961243119,1.0,dexmedia,0.0,0.458719093375038,-0.85401502440703,0.23749843114046,0.0,,0.213177183715628,-0.512864757030574,0.208312046750214,0.0,0.0,0.0,0,0,0,4.512867875771619,26.10930391895717,1.0,0.0,3.96234961243119,0.0,4.333631718998159,3.9645997623236093,4.212994825171131,-0.545978751876461
New Zealand,NZL,2023,15487380827.5418,221380800380.185,1.39425181563566,5.73316283034957,-3.22498669815568,50.4064316790513,23.7150117429638,141.222832605013,5.17,1.62843333333333,16.8490272373541,5.02416666666667,80.1375732422,88446,0.0,0.0,0.0319778517126502,0.0728282754345848,2.63,1.58066832091962,1.69667370497517,-0.429874117449884,-0.366265011988961,-0.366265011988961,-2.54089126995831,-3.22498669815568,1.0,dexmedia,0.0,-0.105846504915343,0.0596607806836732,0.320079287757291,0.0,,0.0623352525350055,0.332081164741726,0.286838053902127,0.0,0.0,0.0,0,0,0,4.383744823269595,26.123150134310603,1.0,0.0,3.22498669815568,0.0,4.512867875771619,4.333631718998159,3.9645997623236093,-0.632794362172452
Peru,PER,1995,8653281585.95034,76917830598.9662,7.41139504735119,11.1287029707089,-2.11574984931367,30.9272178475508,12.5998852514905,15.8738764208443,19.8771271969869,2.25333333333333,12.3887698412698,5.83666666666667,48.5967483521,20963,0.0,0.0,0.0850370426859124,0.239042907454291,0.0390375280039983,,,0.630736053070774,0.0,0.0,0.505561515160283,-0.947638202303986,1.0,dexmedia,0.0,0.0,0.0,0.0,0.0,,,,,0.0,0.0,0.0,1,1,1,3.8835566223327285,25.066003553927697,0.0,0.0,2.11574984931367,0.0,,,,
Peru,PER,1996,10989953425.981,79070739970.4791,2.79897307912609,11.5379424115177,-2.11574984931367,31.6542040912644,13.3165199179977,21.025323363273,19.9161647249909,2.45333333333333,16.4421653543307,5.29833333333333,46.1922683716,23809,0.0,0.0,0.0850370426859124,0.239042907454291,0.0390375280039983,7.20195941117932,7.82647154778834,0.633551259513097,1.13757205876024,1.13757205876024,0.505561515160283,-0.947638202303986,1.0,dexmedia,0.0,0.281266168624611,0.879213094004736,0.0229072038691081,0.0,,0.165764904355956,1.08998389234098,0.004257585004493,0.0,0.0,0.0,0,0,0,3.8328124328188387,25.09360873140811,0.0,0.0,2.11574984931367,0.0,3.8835566223327285,,,0.0
Peru,PER,1997,11305742353.6552,84192012966.592,6.47682442079709,8.56218948953653,-2.11574984931367,33.4695458506827,14.4772602562861,24.4097995545657,22.0244648803872,2.66416666666667,22.363984063745,5.46,49.328956604,26431,0.0,0.0,0.0824436692110773,0.0283292389797936,2.1083001553963,6.98044229483319,0.838764411138166,0.785592141282428,-0.157647363015834,-0.157647363015834,0.505561515160283,-0.947638202303986,1.0,dexmedia,0.0,0.262345266874773,-0.159750036666984,0.260242593223623,0.0,,0.160709574438109,0.129175194943433,0.229939434834763,0.0,0.0,0.0,0,0,0,3.89851126367389,25.156365895816442,0.0,0.0,2.11574984931367,0.0,3.8328124328188387,3.8835566223327285,,1.13757205876024
Peru,PER,1998,9882068017.27313,83862369616.8153,-0.391537555833821,7.24782175213469,-2.11574984931367,32.9530217853936,13.7029018488677,28.1910496598723,25.866275291243,2.93,25.6029761904762,5.35333333333333,43.6669006348,26432,0.0,0.0,0.095111109745225,-0.134588966186072,3.8418104108558,8.06260012090035,-4.5639449297866,1.06264578611665,-1.06735215460043,-1.06735215460043,0.505561515160283,-0.947638202303986,1.0,dexmedia,0.0,0.354765197939183,-0.963048701191119,0.459068651348493,0.0,,0.185402543551975,-0.613696540056075,0.419002821943274,0.0,0.0,0.0,0,0,0,3.7765903925675426,25.152442835108502,0.0,0.0,2.11574984931367,0.0,3.89851126367389,3.8328124328188387,3.8835566223327285,-0.157647363015834
Peru,PER,1999,9049757351.68977,85116037105.7632,1.49491064308833,3.46965996293019,-2.11574984931367,33.2057765558493,15.3968880071118,28.9773282546112,31.2063565505912,3.38333333333333,24.3729761904762,4.97,39.6431427002,23309,0.0,0.0,0.14385899379071,-0.0879838579615431,5.3400812593482,12.227008036085,-3.01842180495769,1.44774781312787,-0.653744119949599,-0.653744119949599,0.505561515160283,-0.947638202303986,1.0,dexmedia,0.0,0.710423159851435,-0.733253503296251,0.630913776504783,0.0,,0.280428053390098,-0.401187339065629,0.582410082171354,0.0,0.0,0.0,0,0,0,3.679917987353521,25.16728130489772,0.0,0.0,2.11574984931367,0.0,3.7765903925675426,3.89851126367389,3.8328124328188387,-1.06735215460043
Peru,PER,2000,8675891763.57695,87409379264.7108,2.69437139806912,3.75733833344474,-2.11574984931367,35.5380321623178,16.7683737208169,26.3416775572587,25.5698477470948,3.49,23.315,6.23583333333333,42.0321350098,26340,0.0,0.0,0.0310403193946502,-0.0421898278806125,-5.6365088034964,2.58927789612197,-1.49979573229162,1.04126879903175,0.0079090904228931,0.0079090904228931,0.399735607900786,-2.11574984931367,1.0,dexmedia,0.0,-0.112686613772901,-0.507457477801507,-0.628053181997302,0.0,,0.0605076965650983,-0.192376478767935,-0.614739625854417,0.0,0.0,0.0,0,0,0,3.7384344450097804,25.193868428091683,0.0,0.0,2.11574984931367,0.0,3.679917987353521,3.7765903925675426,3.89851126367389,-0.653744119949599
Peru,PER,2001,8980104804.36401,87949475111.0632,0.617892325624297,1.97709878502053,-2.15376449224752,35.0644014310212,16.6013795219337,23.4478078840921,24.411950042159,3.50683333333333,25.7496774193548,3.8875,39.1783752441,26541,0.0,0.0,0.0048117098147835,0.0344634356067992,-1.1578977049358,0.348646156039947,1.04218723538345,0.95776655785109,-0.319175189906137,-0.319175189906137,0.128325683594401,-2.15376449224752,1.0,dexmedia,0.0,-0.304046998118271,-0.129504233545194,-0.114376041757329,0.0,,0.0093795902590617,0.157145803178974,-0.126284838137462,0.0,0.0,0.0,0,0,0,3.6681249426442806,25.20002834007423,0.0,0.0,2.15376449224752,0.0,3.7384344450097804,3.679917987353521,3.7765903925675426,0.0079090904228931
Peru,PER,2002,9721160042.62848,92745825187.2292,5.45352893818767,0.193135003853722,-1.40380095076472,35.2491813317695,17.2748078529874,22.2020482940237,20.6338458601459,3.5165,27.2924603174603,1.66666666666667,40.6647949219,25650,0.0,0.0,0.0027527307368164,0.0792934041900253,-3.7781041820131,0.172753643570596,2.52884300704129,0.685307112368721,0.187371561178321,0.187371561178321,0.764908313032044,-1.40380095076472,1.0,dexmedia,0.0,-0.319069030701397,0.0915383065251502,-0.414902285354568,0.0,,0.0053659691458399,0.361560751818318,-0.412054772246436,0.0,0.0,0.0,0,0,0,3.705362728495239,25.253128525962463,0.0,0.0,1.40380095076472,0.0,3.6681249426442806,3.7384344450097804,3.679917987353521,-0.319175189906137
Peru,PER,2003,10241971443.4071,96608710264.5646,4.16502313666112,2.25937753363072,-1.62200656149932,37.6246103251002,19.0146669472489,19.9857411626907,18.8715495126426,3.478467,21.9828571428571,1.1275,43.2319793701,29940,0.0,0.0,-0.0108744972771564,0.0521891675506474,-1.7622963475033,-0.991380456511839,1.63000967947582,0.55821842913381,-0.27689771266331,-0.27689771266331,0.556731619619983,-1.62200656149932,1.0,dexmedia,0.0,-0.418491441270868,-0.0421041987626518,-0.183697927370209,0.0,,-0.0211979384998716,0.237971302268265,-0.192202910538659,0.0,0.0,0.0,0,0,0,3.7665804845871675,25.293934742470196,0.0,0.0,1.62200656149932,0.0,3.705362728495239,3.6681249426442806,3.7384344450097804,0.187371561178321
Peru,PER,2004,12664710327.2194,101398766434.291,4.95820320611745,3.66247320092233,-1.03273487762083,41.9360782679273,22.91223375085,17.9102399219746,17.308705204716,3.413175,15.4786561264822,1.34916666666667,53.3277244568,34576,0.0,0.0,-0.0189487363401746,0.212325286427614,-1.5628443079266,-1.68113829382963,6.94045920471618,0.445513306935176,0.43089852217945,0.43089852217945,1.06088590284013,-1.03273487762083,1.0,dexmedia,0.0,-0.477399996285602,0.74747686926459,-0.160821649200462,0.0,,-0.0369372613144227,0.968157326261759,-0.170449893474404,0.0,0.0,0.0,0,0,0,3.97645635460034,25.342326762687197,0.0,0.0,1.03273487762083,0.0,3.7665804845871675,3.705362728495239,3.6681249426442806,-0.27689771266331
Peru,PER,2005,14171339683.0385,107771740073.589,6.28506032509601,1.61630193862544,-0.435681848837732,47.3573174768394,26.8487611117093,19.066421608863,21.284368194887,3.29584166666667,12.8070634920635,3.21333333333333,62.889667511,40386,0.0,0.0,-0.0349813702811315,0.112402181570729,3.975662990171,-3.05075616916398,3.62679949777983,0.732219782337239,-0.814005558292055,-0.814005558292055,1.56547166269638,-0.435681848837732,1.0,dexmedia,0.0,-0.59437192282513,0.254787322354098,0.474420957821023,0.0,,-0.0681900888805563,0.512529606842686,0.433601306110784,0.0,0.0,0.0,0,0,0,4.141381881707281,25.403281309602672,0.0,0.0,0.435681848837732,0.0,3.97645635460034,3.7665804845871675,3.705362728495239,0.43089852217945
Peru,PER,2006,17442093800.3961,115885765581.756,7.5288990440594,2.00225801248819,2.02912779038947,51.7850560338442,30.536636453521,20.8131640208248,15.1194989096292,3.27403250265816,12.8065338645418,4.96416666666667,95.2156829834,46545,0.0,0.0,-0.0066391664607337,0.207664875787078,-6.1648692852578,-0.629567532909157,6.78591021447573,0.287637847585603,1.02556062490962,1.02556062490962,3.95635042657865,2.02912779038947,1.0,dexmedia,0.0,-0.387591041065034,0.724497843440771,-0.688653822533882,0.0,,-0.0129418987138544,0.946906862970561,-0.672364679978839,0.0,0.0,0.0,0,0,0,4.556144665450222,25.475870763371276,0.0,0.0,2.02912779038947,0.0,4.141381881707281,3.97645635460034,3.7665804845871675,-0.814005558292055
Peru,PER,2007,27786002524.9928,125757364463.195,8.5183877690955,1.77998644680372,3.34835834914465,55.6881132836815,31.5221165305465,24.6070736917389,21.0511674102817,3.12804457735247,17.5359362549801,5.01916666666667,102.4663467407,55943,0.0,0.0,-0.0456143327534593,0.465645918962821,5.9316685006525,-3.95909222986429,15.3411026211692,0.715402417490047,0.62580677293898,0.62580677293898,5.18120774269056,3.34835834914465,1.0,dexmedia,0.0,-0.671948577402978,1.99652160066688,0.698766250324918,0.0,,-0.0889171973449935,2.12324455307605,0.646930893201412,0.0,0.0,0.0,0,0,0,4.629534420187205,25.55762020853108,0.0,0.0,3.34835834914465,0.0,4.556144665450222,4.141381881707281,3.97645635460034,1.02556062490962
Peru,PER,2008,31241123023.427,137234696225.05,9.1265683014642,5.78587598206755,2.48452130976515,58.4337673899053,29.7276302098838,29.7639607500021,22.323874594588,2.92440833333333,32.694861660079,1.9275,94.1514663696,70588,0.0,0.0,-0.067315892632938,0.117202884978962,1.2727071843063,-5.81297737747892,3.78600089040654,0.807184188714989,-0.716225859647604,-0.716225859647604,3.89815895581229,2.48452130976515,1.0,dexmedia,0.0,-0.830280220061567,0.278458087893676,0.164403727479713,0.0,,-0.131220608707543,0.534419774773651,0.138806407579344,0.0,0.0,0.0,0,0,0,4.54490482980503,25.644958408205113,0.0,0.0,2.48452130976515,0.0,4.629534420187205,4.556144665450222,4.141381881707281,0.62580677293898
Peru,PER,2009,33225062118.6704,138738546494.974,1.0958236592427,2.936231535967,-1.47894257324655,48.1119296153519,26.4420527390278,30.0145290325562,18.5944908019559,3.01150833333333,31.4790079365079,0.16,75.9366531372,55719,0.0,0.0,0.0293488796477581,0.0615692016555229,-3.7293837926321,2.44477171803815,1.94107128137016,0.538238232971105,0.288432953019339,0.288432953019339,-0.365500677267792,-1.47894257324655,1.0,dexmedia,0.0,-0.125027129158466,0.0041458127812763,-0.409314269396528,0.0,,0.0572105293658223,0.280742226504444,-0.406741136628413,0.0,0.0,0.0,0,0,0,4.329899481369966,25.65585703838173,0.0,0.0,1.47894257324655,0.0,4.54490482980503,4.629534420187205,4.556144665450222,-0.716225859647604
Peru,PER,2010,44214818032.5469,150298879148.001,8.33245910749577,1.52832059732901,-0.0154998196502297,51.6728089370033,27.8261641521747,30.261687153432,12.5494733748355,2.825125,22.5488888888889,0.175,102.0667037964,68249,0.0,0.0,-0.0638884492609901,0.285755508271201,-6.0450174271204,-5.52017560617419,9.37555935240466,0.102299461360288,0.979171584606701,0.979171584606701,1.02508500395896,-0.0154998196502297,1.0,dexmedia,0.0,-0.805274057268958,1.1095383042197,-0.674907337655958,0.0,,-0.124539404789918,1.30298323627475,-0.659293169049301,0.0,0.0,0.0,0,0,0,4.625626558334637,25.735891676245735,0.0,0.0,0.0154998196502297,0.0,4.329899481369966,4.54490482980503,4.629534420187205,0.288432953019339
Peru,PER,2011,48913125192.9625,159808578409.161,6.32719240161117,3.36931095333853,2.05114250625331,55.9882802838607,30.5027597563889,32.3092275000503,11.1780878633624,2.7541,24.2025793650794,0.101666666666667,112.1065826416,83950,0.0,0.0,-0.0254619009392445,0.100985786814459,-1.3713855114731,-2.23752372750844,3.24820790621033,0.0034014643761434,-0.18756034828282,-0.18756034828282,3.07829131730941,2.05114250625331,1.0,dexmedia,0.0,-0.524919163368686,0.198496653965901,-0.138862161119966,0.0,,-0.0496335413439054,0.460473319017791,-0.149568650669398,0.0,0.0,0.0,0,0,0,4.719450049510205,25.797242550997705,1.0,0.0,2.05114250625331,0.0,4.625626558334637,4.329899481369966,4.54490482980503,0.979171584606701
Peru,PER,2012,64155414233.6095,169620385179.423,6.13972470560435,3.61121294940163,2.07305588917094,52.6198952632294,27.4496143710972,34.0437468209084,17.8200224863401,2.63758641774892,17.79888,0.14,100.0,80947,0.0,0.0,-0.0432264471791555,0.271262717769162,6.6419346229777,-3.75508109955125,8.89494802636077,0.482387150615851,-0.396678669679793,-0.396678669679793,2.9880325924262,2.07305588917094,1.0,dexmedia,0.0,-0.654526887553955,1.03807889154287,0.780230673668709,0.0,,-0.0842624303007133,1.23689925005435,0.724395285703454,0.0,0.0,0.0,0,0,0,4.605170185988092,25.856828748714687,1.0,0.0,2.07305588917094,0.0,4.719450049510205,4.625626558334637,4.329899481369966,-0.18756034828282
Peru,PER,2013,65766057258.3036,179547449111.361,5.85251821084928,2.76789666082002,0.754212154942103,49.7871424471444,24.8082994208508,37.7199291764532,16.903308069059,2.70189902597403,14.230119047619,0.1075,100.021484375,83026,0.0,0.0,0.0240906054451805,0.0247953710093078,-0.916714417281099,1.99556734454657,0.72157393832218,0.41627793557959,-0.253851847461282,-0.253851847461282,1.70330588706003,0.754212154942103,1.0,dexmedia,0.0,-0.163390785811123,-0.177174433273893,-0.0867133716237333,0.0,,0.0469604396080318,0.113061522270565,-0.0999804484551077,0.0,0.0,0.0,0,0,0,4.605385006662478,25.913705350396228,1.0,0.0,0.754212154942103,0.0,4.605170185988092,4.719450049510205,4.625626558334637,-0.396678669679793
Peru,PER,2014,62529703139.4597,183824551906.256,2.38215737180541,3.41194579807465,-0.188399428871622,46.8531210912899,22.6069703758151,40.8996268175973,12.994785090205,2.83904413780664,14.1759920634921,0.0891666666666667,98.1189651489,71935,0.0,0.0,0.0495125555915817,-0.0504621640200327,-3.908522978854,4.16727634896938,-1.7741237466852,0.134413288081638,-0.0963007049755102,-0.0963007049755102,0.725736644397272,-0.188399428871622,1.0,dexmedia,0.0,0.0220843205230842,-0.548245777467132,-0.429860751968537,0.0,,0.0965161038392643,-0.230096540157844,-0.426278754709592,0.0,0.0,0.0,0,0,0,4.586180672544006,25.93724761741526,1.0,0.0,0.188399428871622,0.0,4.605385006662478,4.605170185988092,4.719450049510205,-0.253851847461282
Peru,PER,2015,61594854517.8208,189802976285.619,3.25224477218451,3.39809194746308,-2.01961837805402,45.1627686891148,21.2873252858958,43.8679314540478,13.0638220152775,3.18443924152237,16.674126984127,0.1325,76.4176025391,56784,0.0,0.0,0.114808786881498,-0.015063357582342,0.0690369250725009,9.74532750318224,-0.600225089970942,0.139391912655468,0.0984234343698074,0.0984234343698074,-1.12275015018425,-2.01961837805402,1.0,dexmedia,0.0,0.498476783413451,-0.373705345302445,0.026348003741199,0.0,,0.223799734510142,-0.0686856485481154,0.0075294362110962,0.0,0.0,0.0,0,0,0,4.336213069360974,25.969252404166934,1.0,0.0,2.01961837805402,0.0,4.586180672544006,4.605385006662478,4.605170185988092,-0.0963007049755102
Peru,PER,2016,61801163825.775,197306492869.139,3.95331871520767,3.55717663556279,-2.11806091483694,45.3888411964154,22.6003137409908,42.8090253456419,12.9852567811511,3.37506158720665,15.8256349206349,0.395,73.8684387207,57733,0.0,0.0,0.0581373610122586,0.0033438599228574,-0.0785652341263994,4.90409043410765,0.0101968444872137,0.133726150386079,-0.207354065914171,-0.207354065914171,-1.20139461604596,-2.11806091483694,1.0,dexmedia,0.0,0.0850097331409021,-0.282945118571012,0.0094186804840614,0.0,,0.113328659879434,0.0152472771226484,-0.0085686307456963,0.0,0.0,0.0,0,0,0,4.302285655818439,26.008024158045462,1.0,0.0,2.11806091483694,0.0,4.336213069360974,4.586180672544006,4.605385006662478,0.0984234343698074
Peru,PER,2017,63819289822.9382,202276318741.548,2.51883544233135,2.99490045809443,-2.78847782877834,47.5135503619971,24.7198719746973,42.4146143080756,12.7122035671679,3.2604884908321,11.0902390438247,1.00166666666667,87.9283065796,58428,0.0,0.0,-0.0345365442525478,0.0321332965560117,-0.2730532139832,-3.01275506080879,0.964914937898177,0.114034812168561,-0.719231710341649,-0.719231710341649,-1.80292487375429,-2.78847782877834,1.0,dexmedia,0.0,-0.591126532346561,-0.140993419703043,-0.0128882417079546,0.0,,-0.0673229780103493,0.146520873707855,-0.0297802481029134,0.0,0.0,0.0,0,0,0,4.476521784472376,26.032900514166947,1.0,0.0,2.78847782877834,0.0,4.302285655818439,4.336213069360974,4.586180672544006,-0.207354065914171
Peru,PER,2018,60333192028.0169,210305376512.78,3.969351341365,1.50915423024742,-1.94437351722066,48.631470171736,25.1921846722472,43.9039424432995,11.9886777000573,3.28660269803296,16.6398406374502,1.83166666666667,92.8612289429,61622,0.0,0.0,0.0079773887172094,-0.0561730924567101,-0.723525867110601,0.619079472585991,-1.96351011009853,0.0618574642056291,-0.792799722766637,-0.792799722766637,-0.826029943755328,-1.94437351722066,1.0,dexmedia,0.0,-0.280950633454425,-0.576404577655885,-0.0645554883436731,0.0,,0.0155505299332049,-0.256137137105824,-0.078910551965724,0.0,0.0,0.0,0,0,0,4.531106216866683,26.071826485247332,1.0,0.0,1.94437351722066,0.0,4.476521784472376,4.302285655818439,4.336213069360974,-0.719231710341649
Peru,PER,2019,68440494635.2458,215017545590.315,2.24063176875049,2.25212191358027,-1.36785252981477,46.9435053754409,24.0390874349068,44.7242368945336,12.2832644568721,3.3372655465368,15.3878571428571,2.15833333333333,83.745300293,65115,0.0,0.0,0.015297356346281,0.126082275762933,0.2945867568148,1.24440205069408,4.08046010987462,0.0831017021994695,0.0424768585260617,0.0424768585260617,-0.212553890765988,-1.36785252981477,1.0,dexmedia,0.0,-0.227545140699291,0.322239583959692,0.0522175847343394,0.0,,0.0298195319539296,0.574907873882719,0.0321287802395804,0.0,0.0,0.0,0,0,0,4.427780053226142,26.093985469141185,1.0,0.0,1.36785252981477,0.0,4.531106216866683,4.476521784472376,4.302285655818439,-0.792799722766637
Peru,PER,2020,74961659711.1288,191509018299.917,-10.9333065010382,2.00241205759292,-8.18568969863149,44.245967197744,23.0114431429931,55.3124099083207,8.888580606911,3.4949411976912,29.2513043478261,0.375833333333333,80.8424377441,54884,0.0,0.0,0.0461647778191296,0.09101210269462,-3.3946838499611,3.88131459391262,2.91745962486984,-0.161707237625882,0.517904574420261,0.517904574420261,-6.80560849898222,-8.18568969863149,1.0,dexmedia,0.0,-0.0023406128417052,0.14931954005346,-0.370925647208507,0.0,,0.0899901941330058,0.414995479270547,-0.37023745594518,0.0,0.0,0.0,0,0,0,4.392502047252707,25.978200737408233,1.0,0.0,8.18568969863149,1.0,4.427780053226142,4.531106216866683,4.476521784472376,0.0424768585260617
Peru,PER,2021,78589897922.7032,217099648514.382,13.3626240903125,4.27166381536798,-2.48930059300369,55.427249365522,29.2358595939113,47.1314277768001,0.832240862309597,3.88055413137587,19.6561507936508,0.08,112.6087875366,60875,0.0,0.0,0.104661409953367,0.0472663870431909,-8.0563397446014,8.87852557749854,1.46675995422958,-0.742693296687411,1.26366323338203,1.26366323338203,-1.21277003604368,-2.48930059300369,1.0,dexmedia,0.0,0.424442895221565,-0.0663768882595637,-0.905597226420028,0.0,,0.204019190492774,0.215524489201102,-0.878655822781684,0.0,0.0,0.0,0,0,0,4.723919754726186,26.10362229482604,1.0,0.0,2.48930059300369,0.0,4.392502047252707,4.427780053226142,4.531106216866683,0.517904574420261
Peru,PER,2022,72328123071.4846,223198050485.251,2.8090335533015,8.33370630096231,-1.38057604119503,57.2969759649721,28.8318607701975,45.6681929864133,7.73476381927593,3.83518137473542,25.6371484375,1.68333333333333,109.7766799927,77935,0.0,0.0,-0.011761232516295,-0.0830301350104747,6.90252295696633,-1.06713432754343,-2.85414596339129,-0.244915181875793,-1.94390820571375,-1.94390820571375,-0.0468186295818705,-1.38057604119503,1.0,dexmedia,0.0,-0.424960941518582,-0.708828246297105,0.810119017898062,0.0,,-0.0229264744115422,-0.378599435156299,0.75281606539581,0.0,0.0,0.0,0,0,0,4.69844812029515,26.131325333030347,1.0,0.0,1.38057604119503,0.0,4.723919754726186,4.392502047252707,4.427780053226142,1.26366323338203
Peru,PER,2023,71394387239.6392,222298021864.381,-0.403242151494268,6.45561348369586,-2.74320495137415,50.7851842068664,27.1353058241207,43.1206589109506,7.25,3.74382620959376,16.8490272373541,5.02416666666667,100.5465316772,88446,0.0,0.0,-0.0241085891261288,-0.0129937748416573,-0.48476381927593,-2.12193459472981,-0.531593386144402,-0.279874112341141,-0.841375940498101,-0.841375940498101,-1.30239967968892,-2.74320495137415,1.0,dexmedia,0.0,-0.515045583608067,-0.363500880736796,-0.0371705238467622,0.0,,-0.0469954956619373,-0.0592487994266054,-0.0528702321381256,0.0,0.0,0.0,0,0,0,4.610620622110071,26.12728475938116,1.0,0.0,2.74320495137415,0.0,4.69844812029515,4.723919754726186,4.392502047252707,-1.94390820571375
Paraguay,PRY,1995,1106423689.09326,20358106834.2373,6.82281030358578,13.4254143646407,2.78009456822496,118.064074196549,61.7750273749308,23.9644446507837,25.3447323430857,1963.01916666667,12.3887698412698,5.83666666666667,95.4671096802,20963,0.0,0.0,0.0466733699817512,-0.040804469385531,-2.5256545009963,,,1.02503451453587,0.0,0.0,3.5018179935614,2.78009456822496,1.0,dexmedia,0.0,0.0,0.0,0.0,0.0,,,,,0.0,0.0,0.0,1,1,1,4.558781786912502,23.736745039739453,0.0,0.0,2.78009456822496,0.0,,,,
Paraguay,PRY,1996,1062185356.30789,20678499692.7003,1.57378513175006,9.79968339016083,2.43167650785742,103.035267206036,52.74050158026,25.7856591710819,22.8190778420894,2056.81166666667,16.4421653543307,5.29833333333333,95.4952392578,23809,0.0,0.0,0.0466733699817512,-0.040804469385531,-2.5256545009963,1.94124791875032,-1.23153411943991,0.842895962587622,-0.228004927162793,-0.228004927162793,2.98290146762212,2.43167650785742,1.0,dexmedia,0.0,0.0013700067173666,-0.500626708779389,-0.271251774899229,0.0,,0.0909816059757782,-0.186059544035013,-0.275457726956246,0.0,0.0,0.0,0,0,0,4.559076395540432,23.75236033524597,0.0,0.0,2.43167650785742,0.0,4.558781786912502,,,0.0
Paraguay,PRY,1997,845814980.731445,21555788371.9596,4.24251610269859,6.94956608534118,3.00478007309202,95.9342762479745,48.4697528692641,32.7741011877268,27.7546785687275,2177.8625,22.363984063745,5.46,95.690322876,26431,0.0,0.0,0.0571868420096449,-0.22778308491311,4.9356007266381,2.39695617021732,-6.47025582410768,1.19882871941956,-1.9290064742507,-1.9290064742507,3.47516494470759,3.00478007309202,1.0,dexmedia,0.0,0.0780748751906981,-1.42255972415332,0.584521625288072,0.0,,0.111475788629681,-1.03864153991058,0.538295858276349,0.0,0.0,0.0,0,0,0,4.561117173972959,23.793910219376205,0.0,0.0,3.00478007309202,0.0,4.559076395540432,4.558781786912502,,-0.228004927162793
Paraguay,PRY,1998,874793675.919083,21570454446.6146,0.0680377558080636,11.5532684355839,4.27853870395703,101.606320138559,54.6398352009449,24.5219309952657,16.3214523776525,2726.49,25.6029761904762,5.35333333333333,94.2926483154,26432,0.0,0.0,0.22467117646663,0.033687422813923,-11.433226191075,9.65659340290545,0.855561730456648,0.374317187174048,2.45959875262237,2.45959875262237,4.9542420526607,4.27853870395703,1.0,dexmedia,0.0,1.30001790331518,-0.133330509678893,-1.29291135898608,0.0,,0.437957328973538,0.153607352891979,-1.24695222451361,0.0,0.0,0.0,0,0,0,4.546403226000114,23.794590365582405,0.0,0.0,4.27853870395703,1.0,4.561117173972959,4.559076395540432,4.558781786912502,-1.9290064742507
Paraguay,PRY,1999,988188778.03141,21275784844.5467,-1.36607971240079,6.75226586102725,2.67075985648569,77.5552756906357,42.7929400088689,25.0551605442253,21.8927380208542,3119.07333333333,24.3729761904762,4.97,92.8628234863,23309,0.0,0.0,0.134520881487204,0.121885690775095,5.5712856432017,5.74901343684472,3.32667950709967,0.776092607819491,0.286409184072756,0.286409184072756,3.37242417114515,2.67075985648569,1.0,dexmedia,0.0,0.642293556792689,0.301547537218445,0.657431909938378,0.0,,0.26222502981397,0.555772355124615,0.607626133699178,0.0,0.0,0.0,0,0,0,4.531123387969502,23.780835401185893,0.0,0.0,2.67075985648569,0.0,4.546403226000114,4.561117173972959,4.559076395540432,2.45959875262237
Paraguay,PRY,2000,772414513.758737,20783433276.2582,-2.31414056819045,8.98215976750022,-0.547277171559798,78.6447297611485,43.3309260294934,23.7603984264133,14.2035386384804,3486.35333333333,23.315,6.23583333333333,93.2663650513,26340,0.0,0.0,0.111320350615067,-0.246352409530704,-7.6891993823738,4.74338245730367,-6.99052667775959,0.221583018089581,-0.17760579584653,-0.17760579584653,0.445308953861176,-0.547277171559798,1.0,dexmedia,0.0,0.473025624720656,-1.51411925030476,-0.863487829737571,0.0,,0.216999635567466,-1.12331363890895,-0.838614063462183,0.0,0.0,0.0,0,0,0,4.535459539654897,23.757422029194302,0.0,0.0,0.547277171559798,0.0,4.531123387969502,4.546403226000114,4.561117173972959,0.286409184072756
Paraguay,PRY,2001,723168663.884361,20610088070.7157,-0.834054716746095,7.26806028584825,0.0738588427520767,72.6056990118238,40.6425889608269,24.1686675413357,16.4268997545601,4105.925,25.7496774193548,3.8875,93.0584564209,26541,0.0,0.0,0.163574752703978,-0.065878862514154,2.2233611160797,7.00835853468472,-1.93406241201317,0.381921565575415,-0.0434336067602748,-0.0434336067602748,1.15832505960757,0.0738588427520767,1.0,dexmedia,0.0,0.854266667522527,-0.62426069120308,0.273439583079721,0.0,,0.318860491623328,-0.300393346746355,0.242488431809112,0.0,0.0,0.0,0,0,0,4.533227859355447,23.749046505042738,0.0,0.0,0.0738588427520767,0.0,4.535459539654897,4.531123387969502,4.546403226000114,-0.17760579584653
Paraguay,PRY,2002,641167536.795789,20605676606.0555,-0.0214043949985694,10.5102420856612,-1.89319907296851,79.4415656482927,47.4750765387374,20.8556279671977,22.6570046799308,5716.25833333333,27.2924603174603,1.66666666666667,93.662399292,25650,0.0,0.0,0.330883401343616,-0.1203516877071,6.2301049253707,14.2603808087201,-3.4602688760392,0.831207993764651,0.449083172080416,0.449083172080416,-0.732391325696712,-1.89319907296851,1.0,dexmedia,0.0,2.07492791571014,-0.892849138306341,0.73299560532338,0.0,,0.644999563064347,-0.548777633328756,0.679479533231708,0.0,0.0,0.0,0,0,0,4.539696820467643,23.748832438182077,0.0,0.0,1.89319907296851,0.0,4.533227859355447,4.535459539654897,4.531123387969502,-0.0434336067602748
Paraguay,PRY,2003,983433631.4114,21495995447.7717,4.32074548551591,14.2367970499143,-0.0670383934340214,81.1273637701163,47.1446575963153,12.6861707511378,37.0207819032744,6424.33916666667,21.9828571428571,1.1275,94.7868041992,29940,0.0,0.0,0.116779318233144,0.427759362883613,14.3637772233436,4.98000241802712,11.8965742003509,1.86705734803503,0.65667605939204,0.65667605939204,0.902109094831077,-0.0670383934340214,1.0,dexmedia,0.0,0.512853513360472,1.80971485386493,1.66589230783337,0.0,,0.227640942185278,1.95049006183265,1.56656954578996,0.0,0.0,0.0,0,0,0,4.551630203361314,23.791132496488633,0.0,0.0,0.0670383934340214,0.0,4.539696820467643,4.533227859355447,4.535459539654897,0.449083172080416
Paraguay,PRY,2004,1168046778.98545,22368177914.5163,4.05741836363771,4.32326492967491,1.33480044708385,80.1044466155542,45.6878246718486,12.2968111859529,24.0813135946872,5974.5775,15.4786561264822,1.34916666666667,95.636505127,34576,0.0,0.0,-0.072580388034071,0.172038059577613,-12.9394683085872,-3.2278267475824,4.73183646713463,0.933922582461712,1.14581465463628,1.14581465463628,2.15962516626387,1.33480044708385,1.0,dexmedia,0.0,-0.868689265736583,0.548833166474969,-1.46567075389789,0.0,,-0.141482825608411,0.784456296177925,-1.41122886241955,0.0,0.0,0.0,0,0,0,4.5605545999630195,23.830905156941334,0.0,0.0,1.33480044708385,0.0,4.551630203361314,4.539696820467643,4.533227859355447,0.65667605939204
Paraguay,PRY,2005,1297088538.07535,22845400902.1627,2.13349066459601,6.80738203116377,0.738207669141925,85.0219636540457,47.5935921119847,12.2808884618236,19.134850825752,6177.9349469697,12.8070634920635,3.21333333333333,93.3763656616,40386,0.0,0.0,0.0334706806326039,0.104789232642691,-4.9464627689352,1.36897513659458,2.84767507101245,0.577206505245132,0.671203141802262,0.671203141802262,1.55185695521801,0.738207669141925,1.0,dexmedia,0.0,-0.0949550272327629,0.217250254592044,-0.548907914442981,0.0,,0.0652452625179482,0.477816208343872,-0.539480514958442,0.0,0.0,0.0,0,0,0,4.536638268905333,23.85201566060008,0.0,0.0,0.738207669141925,0.0,4.5605545999630195,4.551630203361314,4.539696820467643,1.14581465463628
Paraguay,PRY,2006,1702147178.6523,23943606096.6681,4.80711719268376,9.58934941129229,0.911307207836672,84.7335313048126,46.2930851780555,11.6682860592129,23.8660041047369,5635.09393939394,12.8065338645418,4.96416666666667,93.3430938721,46545,0.0,0.0,-0.0919702466002601,0.271768333608328,4.7311532789849,-4.06828351221617,7.52605520548101,0.918395455253777,-0.530655519269132,-0.530655519269132,1.59406659209364,0.911307207836672,1.0,dexmedia,0.0,-1.01015504859975,1.04057192495157,0.561072395620952,0.0,,-0.179279977874999,1.23920474878791,0.515998022531064,0.0,0.0,0.0,0,0,0,4.536281886234397,23.898967156336937,0.0,0.0,0.911307207836672,0.0,4.536638268905333,4.5605545999630195,4.551630203361314,0.671203141802262
Paraguay,PRY,2007,2461472077.25277,25241738121.2303,5.42162287218235,8.13047417698577,1.27449781674869,79.0011374202968,43.374929155941,13.7176649664943,14.4583502460761,5032.71157647908,17.5359362549801,5.01916666666667,95.7682876587,55943,0.0,0.0,-0.113054898381948,0.36886907600217,-9.4076538586608,-4.98220137494115,10.2466003613145,0.239958855801659,1.41594652858043,1.41594652858043,1.84516193693152,1.27449781674869,1.0,dexmedia,0.0,-1.16398581330141,1.51934528615982,-1.06058705572203,0.0,,-0.220380834343861,1.68196310656883,-1.02603540859434,0.0,0.0,0.0,0,0,0,4.5619316036483,23.95176473600557,0.0,0.0,1.27449781674869,0.0,4.536281886234397,4.536638268905333,4.5605545999630195,-0.530655519269132
Paraguay,PRY,2008,2863012061.51468,26881515165.6831,6.49629211973152,10.1547846489023,2.29241763335102,80.7775746572591,42.4383687093999,18.7596980138574,15.6831246484358,4363.29160824492,32.694861660079,1.9275,98.0462036133,70588,0.0,0.0,-0.142732191126262,0.151114662642343,1.2247744023597,-6.26856873442418,4.14560978366673,0.328283935903107,-1.09374692302612,-1.09374692302612,2.70704037032181,2.29241763335102,1.0,dexmedia,0.0,-1.38050732308976,0.445666446719501,0.158906046655855,0.0,,-0.278231547843801,0.689050137194263,0.133578671498858,0.0,0.0,0.0,0,0,0,4.5854388330074975,24.014704718783705,0.0,0.0,2.29241763335102,0.0,4.5619316036483,4.536281886234397,4.536638268905333,1.41594652858043
Paraguay,PRY,2009,3861718922.52784,26811317495.2224,-0.261137328115808,2.59194673430567,0.587636958456514,70.8419818624334,38.0972540491953,21.5814306496786,27.9872353879995,4966.68229650212,31.4790079365079,0.16,96.1618728638,55719,0.0,0.0,0.129525342680614,0.299238162068924,12.3041107395637,5.53248102054125,8.29569822681802,1.21559964445748,0.352206276813771,0.352206276813771,0.979063826305147,0.587636958456514,1.0,dexmedia,0.0,0.605846782016833,1.17601704905319,1.42965755425626,0.0,,0.252487096951706,1.36446121787242,1.34193428879571,0.0,0.0,0.0,0,0,0,4.566032947134254,24.012089929919803,0.0,0.0,0.587636958456514,0.0,4.5854388330074975,4.5619316036483,4.536281886234397,-1.09374692302612
Paraguay,PRY,2010,4166639316.00527,29786095177.4612,11.0952312685449,4.65116279069765,1.53839363503574,81.2575233746789,42.1398416256109,25.4241390581651,24.301762401239,4758.43012878788,22.5488888888889,0.175,97.0428619385,68249,0.0,0.0,-0.0428342622558446,0.0759973903901319,-3.6854729867605,-1.93847578083826,2.04099218644716,0.949820333475648,-0.172100973415051,-0.172100973415051,1.80672699579034,1.53839363503574,1.0,dexmedia,0.0,-0.651665559452261,0.0752866943679214,-0.404277891669289,0.0,,-0.0834979340970695,0.346531642655126,-0.401952052939636,0.0,0.0,0.0,0,0,0,4.575152756559724,24.117307516780702,0.0,0.0,1.53839363503574,0.0,4.566032947134254,4.5854388330074975,4.5619316036483,0.352206276813771
Paraguay,PRY,2011,4982545969.05874,31062837784.856,4.28637120706239,8.2539682539683,1.28516184304888,78.4921238489902,40.238859668657,28.9522503182021,11.7058473871612,4193.8023075919,24.2025793650794,0.101666666666667,99.5361709595,83950,0.0,0.0,-0.126310014559987,0.178831207705496,-12.5959150140778,-5.55674665332346,4.92216525120554,0.0414610467155702,0.747901397757347,0.747901397757347,1.4859893227806,1.28516184304888,1.0,dexmedia,0.0,-1.26069334629695,0.582328053148238,-1.42626669090606,0.0,,-0.246219374773768,0.815431580559012,-1.37375960066717,0.0,0.0,0.0,0,0,0,4.600521105335688,24.159278015105695,1.0,0.0,1.28516184304888,0.0,4.575152756559724,4.566032947134254,4.5854388330074975,-0.172100973415051
Paraguay,PRY,2012,4994947872.79258,30842899501.4341,-0.708043112304196,3.67591897974496,-0.582568343861906,74.7649574561086,37.9955191982288,31.5463020861612,11.7942698365486,4421.65928640414,17.79888,0.14,100.0,80947,0.0,0.0,0.0529072353976705,0.0024859770033387,0.0884224493873997,2.21145594348164,-0.0186328448090575,0.0478376658789537,-0.268895064639416,-0.268895064639416,-0.406441399421132,-0.582568343861906,1.0,dexmedia,0.0,0.0468514447751171,-0.28717507066793,0.0285714387466028,0.0,,0.103133440891469,0.0113355167874515,0.0096436970735897,0.0,0.0,0.0,0,0,0,4.605170185988092,24.152172398778397,1.0,0.0,0.582568343861906,0.0,4.600521105335688,4.575152756559724,4.566032947134254,0.747901397757347
Paraguay,PRY,2013,5872875217.83582,33400724748.6301,8.29307648937821,2.68385738718582,-1.15713580595634,73.369871384133,38.7136655822392,34.3778942788017,14.3120851574043,4303.88256599819,14.230119047619,0.1075,99.8068389893,83026,0.0,0.0,-0.0269974921714038,0.161917353395722,2.5178153208557,-1.25202824706394,4.44827696493175,0.229410892317043,-0.344403691124805,-0.344403691124805,-0.907038830180804,-1.15713580595634,1.0,dexmedia,0.0,-0.536122629091435,0.498931132803059,0.307212194836429,0.0,,-0.0526269090068533,0.73830806766591,0.274602755406544,0.0,0.0,0.0,0,0,0,4.603236707916448,24.231843435754428,1.0,0.0,1.15713580595634,0.0,4.605170185988092,4.600521105335688,4.575152756559724,-0.268895064639416
Paraguay,PRY,2014,6986586468.56047,35171376876.6336,5.30123864475758,5.02882767456766,-0.27114559022207,69.0837249630891,35.4644118987627,38.1381490369587,17.8199443895401,4462.18528829093,14.1759920634921,0.0891666666666667,98.8807525635,71935,0.0,0.0,0.0361210833510412,0.173647762417854,3.5078592321358,1.48385729011278,4.77693673265698,0.48238151863489,0.0603861502674998,0.0603861502674998,0.0211897387877339,-0.27114559022207,1.0,dexmedia,0.0,-0.0756180478429178,0.556770107227108,0.420765909116691,0.0,,0.0704117610137773,0.791796192542152,0.382580804375834,0.0,0.0,0.0,0,0,0,4.593914604557239,24.283498431845224,1.0,0.0,0.27114559022207,0.0,4.603236707916448,4.605170185988092,4.600521105335688,-0.344403691124805
Paraguay,PRY,2015,5938523046.9591,36211447840.1027,2.95715168364671,3.12900274473925,-0.43675512468435,66.9150655259457,34.7346586999493,43.3496464702931,17.8457423889668,5204.92080811087,16.674126984127,0.1325,96.193321228,56784,0.0,0.0,0.153965866384581,-0.162531634818169,0.0257979994267004,6.59185974014076,-4.64205645003063,0.484241951349217,-0.33805240598336,-0.33805240598336,0.0372279976606431,-0.43675512468435,1.0,dexmedia,0.0,0.784161533904532,-1.10082525214533,0.0213886877425578,0.0,,0.300129641262207,-0.741109057927291,0.0028136303992862,0.0,0.0,0.0,0,0,0,4.566359929357206,24.312641144462095,1.0,0.0,0.43675512468435,0.0,4.593914604557239,4.603236707916448,4.605170185988092,0.0603861502674998
Paraguay,PRY,2016,6880868043.64371,37756961788.4736,4.26802583314358,4.08682280577241,-0.373711497011024,67.7593152322119,37.1432329052144,41.3557191307979,13.3865990752067,5670.54089799784,15.8256349206349,0.395,96.7182846069,57733,0.0,0.0,0.0856800222908429,0.147284355956749,-4.4591433137601,3.63199805850289,4.03829317576108,0.162669105270067,1.20575216486137,1.20575216486137,0.188936361641724,-0.373711497011024,1.0,dexmedia,0.0,0.285957260767756,0.426780403615091,-0.493014500478526,0.0,,0.167018281112104,0.671584768175432,-0.486331555205183,0.0,0.0,0.0,0,0,0,4.5718024704885885,24.354435713876203,1.0,0.0,0.373711497011024,0.0,4.566359929357206,4.593914604557239,4.603236707916448,-0.33805240598336
Paraguay,PRY,2017,7877536165.92124,39573101423.9484,4.81007885552178,3.60247741348943,-0.438696525990458,71.0801344038459,38.1692845403901,41.0753441198312,14.5093886137229,5618.9334516428,11.0902390438247,1.00166666666667,96.8402633667,58428,0.0,0.0,-0.0091426410541348,0.135270372558359,1.1227895385162,-0.478106649457026,3.70168828962957,0.243639507440006,-0.185521668046131,-0.185521668046131,0.143794210619371,-0.438696525990458,1.0,dexmedia,0.0,-0.405856052747539,0.367543212720947,0.147208828019539,0.0,,-0.0178219864194615,0.616803605552563,0.122455804627245,0.0,0.0,0.0,0,0,0,4.573062851672727,24.40141546743631,1.0,0.0,0.438696525990458,0.0,4.5718024704885885,4.566359929357206,4.593914604557239,1.20575216486137
Paraguay,PRY,2018,7697884446.2912,40841122661.1912,3.20425034080199,3.97561015740694,-1.01429854023341,72.0692236259495,36.8532235364482,44.5121924181158,13.4929626363383,5732.10455572912,16.6398406374502,1.83166666666667,96.3065719604,61622,0.0,0.0,0.0199408818981173,-0.0230696418044225,-1.0164259773846,0.782523673256821,-0.734644002270541,0.170339554651377,-0.50869858098149,-0.50869858098149,-0.342295186683248,-1.01429854023341,1.0,dexmedia,0.0,-0.193666606970266,-0.413181826257106,-0.0981498522458829,0.0,,0.0388712762839579,-0.10519257080951,-0.11085537995763,0.0,0.0,0.0,0,0,0,4.567536561131802,24.43295531912047,1.0,0.0,1.01429854023341,0.0,4.573062851672727,4.5718024704885885,4.566359929357206,-0.185521668046131
Paraguay,PRY,2019,7717366750.62534,40677000526.5933,-0.401855100701937,2.75709727562775,-2.44181291662559,71.2221617342433,36.0872909434413,47.6522798387756,12.0533260672502,6240.72207844257,15.3878571428571,2.15833333333333,95.901725769,65115,0.0,0.0,0.0850131428797187,0.002527667497354,-1.4396365690881,3.60309206155381,-0.0174647706136292,0.0665196062292863,0.140812550437656,0.140812550437656,-1.61303467813592,-2.44181291662559,1.0,dexmedia,0.0,0.281091798874469,-0.286969507894072,-0.146690259457259,0.0,,0.165718315846258,0.011525616411926,-0.157012377111622,0.0,0.0,0.0,0,0,0,4.56332397723321,24.42892867204042,1.0,0.0,2.44181291662559,0.0,4.567536561131802,4.573062851672727,4.5718024704885885,-0.50869858098149
Paraguay,PRY,2020,9202411639.30502,40343536418.8014,-0.819785390945569,1.76751592356698,-5.71928590585587,62.7602174748575,33.2706269850222,50.6445339195476,11.0890000854079,6771.09742519652,29.2513043478261,0.375833333333333,96.7828598022,54884,0.0,0.0,0.0815672816122248,0.175992373038614,-0.9643259818423,3.4537306146842,4.84262746693327,-0.0030231352143861,0.916456119991302,0.916456119991302,-4.65372969432348,-5.71928590585587,1.0,dexmedia,0.0,0.255951261609596,0.568330648165846,-0.0921742102158604,0.0,,0.159001209448993,0.802487109238473,-0.105173151315172,0.0,0.0,0.0,0,0,0,4.572469910445023,24.420697030944957,1.0,0.0,5.71928590585587,1.0,4.56332397723321,4.567536561131802,4.573062851672727,0.140812550437656
Paraguay,PRY,2021,9661226172.74015,41964030301.4411,4.01673731776404,4.787983101236,-3.39350761436173,69.74227302112,35.4870925101426,49.4128286155417,3.74521256188977,6774.16273484849,19.6561507936508,0.08,100.421257019,60875,0.0,0.0,0.0004526025588393,0.0486549887542296,-7.34378752351813,-0.0621991587072321,1.27491937911776,-0.532623215043829,0.42849001510595,0.42849001510595,-2.29849010695501,-3.39350761436173,1.0,dexmedia,0.0,-0.335850454468488,-0.0595301279549209,-0.823870597529359,0.0,,0.0008822698615517,0.221856212296458,-0.800942099435994,0.0,0.0,0.0,0,0,0,4.609373908144227,24.4600786668972,1.0,0.0,3.39350761436173,0.0,4.572469910445023,4.56332397723321,4.567536561131802,0.916456119991302
Paraguay,PRY,2022,9518826116.61083,42037903094.7542,0.176038366149214,9.76556667164402,-2.64530840951116,73.7379050218566,34.3693845850532,50.958351378503,7.11,6982.75237776692,25.6371484375,1.68333333333333,100.8799285889,77935,0.0,0.0,0.0303273849547718,-0.0148490390433551,3.36478743811023,1.23272844521074,-0.504321138940075,-0.289970266531152,-0.894892893570568,-0.894892893570568,-1.40848231892168,-2.64530840951116,1.0,dexmedia,0.0,-0.117888086920487,-0.372648607683861,0.404356198966221,0.0,,0.059117955041807,-0.0677084024218297,0.366976836707933,0.0,0.0,0.0,0,0,0,4.613930983774772,24.461837502899428,1.0,0.0,2.64530840951116,0.0,4.609373908144227,4.572469910445023,4.56332397723321,0.42849001510595
Paraguay,PRY,2023,9885683629.59266,44139473679.5817,4.9992279112746,4.63202285403356,-3.80748278862571,82.4052107741573,42.0641902129227,52.2331541884677,7.6,7288.87205374128,16.8490272373541,5.02416666666667,99.7225418091,88446,0.0,0.0,0.0429056463995021,0.0378160783890991,0.489999999999999,1.77793536143757,0.971237405515978,-0.254633726866112,-0.213722826613586,-0.213722826613586,-2.14783485627899,-3.80748278862571,1.0,dexmedia,0.0,-0.0261187944183117,-0.112973401604675,0.0746306305905989,0.0,,0.083637085052608,0.172433128238718,0.0534413104228297,0.0,0.0,0.0,0,0,0,4.602391747791999,24.510620313815867,1.0,0.0,3.80748278862571,0.0,4.613930983774772,4.609373908144227,4.572469910445023,-0.894892893570568
Uruguay,URY,1995,1813383774.91097,31329539981.1782,-1.44759896894408,42.2483197983755,-2.76062105830698,38.0976748425287,18.9968128121984,26.4382205665659,38.9945400827513,6.349,12.3887698412698,5.83666666666667,37.8544120789,20963,0.0,0.0,0.227617175437588,0.0425043324233272,10.2556210856468,,,2.00939568313357,0.0,0.0,0.665883085057743,-2.00376081924361,1.0,dexmedia,0.0,0.0,0.0,0.0,0.0,,,,,0.0,0.0,0.0,1,1,1,3.633747540564238,24.167827258788932,0.0,0.0,2.76062105830698,0.0,,,,
Uruguay,URY,1996,1892121944.56511,33077088488.9395,5.57795776385868,28.3420486004309,-2.76062105830698,39.5284364552889,19.6699797975865,26.8077033782205,49.2501611683981,7.97183333333334,16.4421653543307,5.29833333333333,39.93516922,23809,0.0,0.0,0.227617175437588,0.0425043324233272,10.2556210856468,7.75262877259862,0.53888865539987,2.74898376738373,0.0369496899499251,0.0369496899499251,0.665883085057743,-2.00376081924361,1.0,dexmedia,0.0,1.32151151294199,-0.0898570887235508,1.19470473426851,0.0,,0.443700040881539,0.193810551375559,1.1185180204428,0.0,0.0,0.0,0,0,0,3.6872573697461264,24.222106688988383,0.0,0.0,2.76062105830698,0.0,3.633747540564238,,,0.0
Uruguay,URY,1997,2067120137.86672,35904413225.1269,8.54768320111596,19.8188093183779,-2.76062105830698,37.706397080707,17.457847722398,25.9057843136644,32.837043725537,9.44183333333333,22.363984063745,5.46,40.2185745239,26431,0.0,0.0,0.169235674714922,0.0884574795792901,-16.4131174428611,5.7411484575718,1.16823005082758,1.56534544994164,2.89637462562984,2.89637462562984,0.665883085057743,-2.00376081924361,1.0,dexmedia,0.0,0.895567988069649,0.136723493253056,-1.86408314430713,0.0,,0.329895473156924,0.403346951077993,-1.79007858014348,0.0,0.0,0.0,0,0,0,3.6943289417447684,24.304126055947272,0.0,0.0,2.76062105830698,0.0,3.6872573697461264,3.633747540564238,,0.0369496899499251
Uruguay,URY,1998,2586514007.25118,37526894198.668,4.51889009679091,10.8110703055616,-2.76062105830698,35.6400154006956,16.4199105812284,40.5212690015352,38.9362063412469,10.4719166666667,25.6029761904762,5.35333333333333,31.8381671906,26432,0.0,0.0,0.103546900506571,0.22415462510817,6.0991626157099,3.47788563660961,3.02664098039616,2.00518892278565,0.504138125981319,0.504138125981319,0.665883085057743,-2.00376081924361,1.0,dexmedia,0.0,0.416311585193635,0.80580363486221,0.717977094074526,0.0,,0.201846648433259,1.02209654895682,0.66519845441933,0.0,0.0,0.0,0,0,0,3.4606657962100664,24.34832369150422,0.0,0.0,2.76062105830698,0.0,3.6943289417447684,3.6872573697461264,3.633747540564238,2.89637462562984
Uruguay,URY,1999,2603646552.6928,36956130432.4805,-1.52094591992036,5.65868803927908,-2.76062105830698,33.3864489469027,15.0976530821748,43.5957665000782,45.9691944128567,11.3393,24.3729761904762,4.97,35.3722801208,23309,0.0,0.0,0.0795774971518752,0.0066019567108632,7.0329880716098,2.65203513253029,0.0471954280922955,2.51237557983911,-0.850529196702218,-0.850529196702218,-1.1428027214432,-2.76062105830698,1.0,dexmedia,0.0,0.241434063588195,-0.266880463328641,0.825082796961771,0.0,,0.155122471191631,0.0301034929227063,0.767045099459099,0.0,0.0,0.0,0,0,0,3.5659284659629185,24.33299738214798,0.0,0.0,2.76062105830698,0.0,3.4606657962100664,3.6943289417447684,3.6872573697461264,0.504138125981319
Uruguay,URY,2000,2775536525.06834,36242902749.5716,-1.92993063549235,4.76382472733251,-2.75822712405152,36.7137381507902,16.6980989454195,45.0942269291081,42.4969239585893,12.0995916666667,23.315,6.23583333333333,46.2713546753,26340,0.0,0.0,0.0648971374775278,0.0639310881961457,-3.4722704542674,2.14623220844994,0.832334158311509,2.26197145201264,0.52994417487677,0.52994417487677,-0.880697363290105,-2.75822712405152,1.0,dexmedia,0.0,0.134328147010452,0.0157915358722482,-0.37982449199407,0.0,,0.126505666791254,0.291511917654172,-0.378699353507193,0.0,0.0,0.0,0,0,0,3.8345230801064933,24.313509412859755,0.0,0.0,2.75822712405152,0.0,3.5659284659629185,3.4606657962100664,3.6943289417447684,-0.850529196702218
Uruguay,URY,2001,3099292334.44093,34849678466.8177,-3.84412995940374,4.3593406521727,-2.85222788348663,36.3095126435057,16.8046592733471,53.8538856752747,43.2064213627233,13.3191166666667,25.7496774193548,3.8875,43.1883506775,26541,0.0,0.0,0.096028641120109,0.11032973534169,0.709497404133998,3.21885526221664,1.46777680256466,2.313137131938,0.506222096886776,0.506222096886776,-0.639024398671377,-2.85222788348663,1.0,dexmedia,0.0,0.361459382623739,0.244568738823852,0.0998060245608161,0.0,,0.187191111166714,0.50307970083438,0.0773805530990141,0.0,0.0,0.0,0,0,0,3.7655707986421483,24.27430974790716,0.0,0.0,2.85222788348663,0.0,3.8345230801064933,3.5659284659629185,3.4606657962100664,0.52994417487677
Uruguay,URY,2002,772025423.559993,32155098813.2195,-7.73200721540044,13.9724725913515,-3.18648657526933,40.02906730756,20.6216724821799,70.5117382668268,93.9150781315781,21.2569666666667,27.2924603174603,1.66666666666667,44.477432251,25650,0.0,0.0,0.467484338181958,-1.38991160364591,50.7086567688548,16.0172200938233,-19.0784542216657,5.97001154270036,-9.91559308066561,-9.91559308066561,0.414496216490114,-3.18648657526933,1.0,dexmedia,0.0,3.07154985618037,-7.15265161997949,5.83449131686649,0.0,,0.911279298515366,-6.33769592198232,5.53048381124306,0.0,0.0,0.0,0,0,0,3.794981920106028,24.193836869556645,0.0,0.0,3.18648657526933,0.0,3.7655707986421483,3.8345230801064933,3.5659284659629185,0.506222096886776
Uruguay,URY,2003,2086675964.76736,32414038652.1022,0.805283915893824,19.3797301743995,-2.193659343502,51.7591995826472,27.4324201365808,43.186543114802,36.3812989440391,28.2086833333333,21.9828571428571,1.1275,48.6424598694,29940,0.0,0.0,0.282945165389435,0.994310149819849,-57.533779187539,9.65901466606495,13.5741395221917,1.82094078690414,12.9088199710677,12.9088199710677,2.97701029863222,-2.193659343502,1.0,dexmedia,0.0,1.725177036652,4.60319941298854,-6.5804435214272,0.0,,0.551552321168969,4.53383896153462,-6.27485827216289,0.0,0.0,0.0,0,0,0,3.8844968093520036,24.20185745763249,0.0,0.0,2.193659343502,0.0,3.794981920106028,3.7655707986421483,3.8345230801064933,-9.91559308066561
Uruguay,URY,2004,2512109312.05214,34036089123.994,5.00416035564457,9.15760507540997,-0.868099120096674,61.4766880860242,32.1122956028892,24.1933895956931,12.3282787037608,28.7037333333333,15.4786561264822,1.34916666666667,54.3744926453,34576,0.0,0.0,0.0173973454382499,0.185550411210716,-24.0530202402783,0.509652898715705,2.49794531215036,0.0863479220375806,3.14358107823789,3.14358107823789,3.70435982403784,-0.868099120096674,1.0,dexmedia,0.0,-0.212223904606444,0.615458342037156,-2.74034664080718,0.0,,0.033913094946995,0.846069693473746,-2.62331616585168,0.0,0.0,0.0,0,0,0,3.995895158704168,24.250687243451683,0.0,0.0,0.868099120096674,0.0,3.8844968093520036,3.794981920106028,3.7655707986421483,12.9088199710677
Uruguay,URY,2005,3078376701.73893,36575226344.6127,7.4601321302473,4.6992773903564,-0.275738263922273,58.8776963255774,30.4040198202399,22.4749430738691,12.8445855762339,24.4786,12.8070634920635,3.21333333333333,65.4249572754,40386,0.0,0.0,-0.159227929140291,0.203279649555064,0.5163068724731,-5.57591450144768,2.74075226423217,0.12358159199366,-0.875630242475394,-0.875630242475394,3.78210084871335,-0.275738263922273,1.0,dexmedia,0.0,-1.50085799424574,0.702875665782807,0.0776479140124578,0.0,,-0.310387116144501,0.926911180989993,0.0563104405005619,0.0,0.0,0.0,0,0,0,4.180903795384281,24.32263697233961,0.0,0.0,0.275738263922273,0.0,3.995895158704168,3.8844968093520036,3.794981920106028,3.14358107823789
Uruguay,URY,2006,3090608691.74437,38074290288.9132,4.09857735445401,6.39764974385131,-0.64289248192214,61.9715745165876,30.2975044020751,23.7519352815852,1.7089111284159,24.0733583333333,12.8065338645418,4.96416666666667,76.1437530518,46545,0.0,0.0,-0.0166935007921039,0.0039656459711281,-11.135674447818,-0.664936245012382,0.0110904041187432,-0.67947188111307,0.517958083789798,0.517958083789798,3.38664527678961,-0.64289248192214,1.0,dexmedia,0.0,-0.460946103068196,-0.279879286230869,-1.25878347308886,0.0,,-0.0325410723934735,0.0180824868526296,-1.21450007129269,0.0,0.0,0.0,0,0,0,4.332623041200034,24.36280509573548,0.0,0.0,0.64289248192214,0.0,4.180903795384281,3.995895158704168,3.8844968093520036,-0.875630242475394
Uruguay,URY,2007,4121414262.81292,40564924117.3376,6.54151084504817,8.11464561179313,-0.156748437438513,59.2104478374095,29.0904872479399,23.0299725881958,-1.24667058477178,23.471025,17.5359362549801,5.01916666666667,80.6184539795,55943,0.0,0.0,-0.0253390839910952,0.287828313001928,-2.95558171318768,-0.962816865404202,3.89867021171491,-0.892614800381079,0.916298097023163,0.916298097023163,3.41489227592655,-0.156748437438513,1.0,dexmedia,0.0,-0.524023107543447,1.11975865540953,-0.320562549157077,0.0,,-0.0493941310937341,1.31243477697312,-0.322347264927555,0.0,0.0,0.0,0,0,0,4.389727580867834,24.42616959214797,0.0,0.0,0.156748437438513,0.0,4.332623041200034,4.180903795384281,3.995895158704168,0.517958083789798
Uruguay,URY,2008,6360194479.33838,43475921755.0631,7.17614466455107,7.87707374730888,-1.30539720510831,65.2080950071821,30.2030239718046,27.1685339479512,3.25541429163842,20.9493166666667,32.694861660079,1.9275,98.0583724976,70588,0.0,0.0,-0.113660653189747,0.433862583265238,4.5020848764102,-4.00590572817326,5.89865099901263,-0.567945206889962,0.136603354539173,0.136603354539173,1.38162433895981,-1.30539720510831,1.0,dexmedia,0.0,-1.16840531836463,1.83980792281855,0.534799249914747,0.0,,-0.221561647841207,1.97831942509728,0.491014929449316,0.0,0.0,0.0,0,0,0,4.58556293907944,24.4954730989186,0.0,0.0,1.30539720510831,0.0,4.389727580867834,4.332623041200034,4.180903795384281,0.916298097023163
Uruguay,URY,2009,8037871915.97406,45320819970.7986,4.24349419462426,7.06221874388574,-1.39370134655379,53.3944192683736,27.0992157546178,19.8647260994371,6.1387842275117,22.5679833333333,31.4790079365079,0.16,67.6318817139,55719,0.0,0.0,0.0744262066973067,0.234105405690325,2.88336993587328,2.47456177170246,3.16291974528504,-0.360009867894102,0.709579051240069,0.709579051240069,1.11882424283932,-1.39370134655379,1.0,dexmedia,0.0,0.203850945876246,0.85486781860079,0.349139713236967,0.0,,0.145080927617906,1.06746995353207,0.314471566952773,0.0,0.0,0.0,0,0,0,4.214079494856439,24.537032365855133,0.0,0.0,1.39370134655379,0.0,4.58556293907944,4.389727580867834,4.332623041200034,0.136603354539173
Uruguay,URY,2010,7655538208.89576,48857389210.184,7.8034096507169,6.69870886978132,-0.387287392209918,51.6990372012256,26.3429945409681,21.4040361151246,4.33049768870304,20.059275,22.5488888888889,0.175,84.4746170044,68249,0.0,0.0,-0.117840594885225,-0.0487350262980435,-1.80828653880866,-4.14992340036613,-0.710660263214121,-0.490415151576492,-1.54965860759349,-1.54965860759349,1.80015009183864,-0.387287392209918,1.0,dexmedia,0.0,-1.19890160704331,-0.53972980207868,-0.188972801528499,0.0,,-0.229709716182713,-0.222221166163814,-0.197218780109996,0.0,0.0,0.0,0,0,0,4.436451098756398,24.612171467254697,0.0,0.0,0.387287392209918,0.0,4.214079494856439,4.58556293907944,4.389727580867834,0.709579051240069
Uruguay,URY,2011,10301678592.7052,51379472633.5779,5.16213302463606,8.0928320630299,-0.333791222967655,53.2470340109018,26.4221494211811,21.9739905078767,-0.0851869359373854,19.3142083333333,24.2025793650794,0.101666666666667,104.1233062744,83950,0.0,0.0,-0.0378506321701262,0.296877517333826,-4.41568462464043,-1.39389692405576,4.02260163391804,-0.808853957468156,1.03710175839383,1.03710175839383,1.83983160356824,-0.333791222967655,1.0,dexmedia,0.0,-0.615305669091536,1.16437744891649,-0.488029978568878,0.0,,-0.073783215212079,1.35369718908697,-0.481591781132094,0.0,0.0,0.0,0,0,0,4.6455758340824405,24.66250456453456,1.0,0.0,0.333791222967655,0.0,4.436451098756398,4.214079494856439,4.58556293907944,-1.54965860759349
Uruguay,URY,2012,13604619913.6442,53197370201.0395,3.53817872056869,8.09776580573602,-2.17275656149335,55.0611541633768,25.9196294244279,22.1705291861539,1.63260408891415,20.310575,17.79888,0.14,100.0,80947,0.0,0.0,0.0503006782330333,0.278102582466897,1.71779102485154,1.64332432433717,3.76547357110849,-0.68497479280302,0.884185578767087,0.884185578767087,-0.11494217649663,-2.17275656149335,1.0,dexmedia,0.0,0.0278343566094513,1.07180412299642,0.215452900838789,0.0,,0.0980524116664723,1.26808755187731,0.187348986531923,0.0,0.0,0.0,0,0,0,4.605170185988092,24.697274799760905,1.0,0.0,2.17275656149335,0.0,4.6455758340824405,4.436451098756398,4.214079494856439,1.03710175839383
Uruguay,URY,2013,16280547228.7409,55664418793.7377,4.63753862902416,8.57513504005397,-1.72196899740885,49.7178464746233,23.3531364247538,24.3768815230441,3.15123121935891,20.4816083333333,14.230119047619,0.1075,101.0308761597,83026,0.0,0.0,0.008385642620579,0.179561538978646,1.51862713044476,0.199157082962248,2.41592600681811,-0.575458409473698,0.115347348097895,0.115347348097895,0.41886481624854,-1.72196899740885,1.0,dexmedia,0.0,-0.277972068249837,0.585929088009777,0.192609671662045,0.0,,0.0163463498148413,0.818761733008562,0.165627395703326,0.0,0.0,0.0,0,0,0,4.61542617467463,24.742606978928904,1.0,0.0,1.72196899740885,0.0,4.605170185988092,4.6455758340824405,4.436451098756398,0.884185578767087
Uruguay,URY,2014,17554713318.1913,57467273107.5946,3.23879122952364,8.87735333229828,-2.59969889238107,49.0876240632174,23.5426616139817,25.1667931664776,4.82076932063265,23.246025,14.1759920634921,0.0891666666666667,93.6978759766,71935,0.0,0.0,0.1266068206859,0.0753515054253242,1.66953810127374,4.27242668841607,0.988740014280147,-0.455059023069707,0.446737177336057,0.446737177336057,-0.500038121972596,-2.59969889238107,1.0,dexmedia,0.0,0.584553640688533,0.0721020378150333,0.20991850116751,0.0,,0.246797946623403,0.343586547084448,0.182086334556963,0.0,0.0,0.0,0,0,0,4.540075520648065,24.77448145936859,1.0,0.0,2.59969889238107,0.0,4.61542617467463,4.605170185988092,4.6455758340824405,0.115347348097895
Uruguay,URY,2015,15633854333.4106,57680327998.6689,0.370741257681345,8.66626987079328,-1.85690083631952,45.3282408087534,22.4778512515741,27.8140085275854,5.44867158636639,27.3273666666667,16.674126984127,0.1325,58.6847801208,56784,0.0,0.0,0.161754492409123,-0.115883766534044,0.627902265733741,5.48343089809603,-1.63028132285382,-0.409777608133239,-0.120280341338431,-0.120280341338431,0.246341397631256,-1.85690083631952,1.0,dexmedia,0.0,0.840986294860323,-0.870819217783579,0.0904474184151743,0.0,,0.315312211201653,-0.52840488032494,0.0684814691801531,0.0,0.0,0.0,0,0,0,4.072180410775025,24.77818201643032,1.0,0.0,1.85690083631952,0.0,4.540075520648065,4.61542617467463,4.605170185988092,0.446737177336057
Uruguay,URY,2016,13471669447.4569,58655009160.0858,1.68979822971775,9.6394134763508,-2.68139976248644,48.4705583785623,26.9316576016427,25.6815822953668,7.4005664568913,30.1626,15.8256349206349,0.395,55.2204399109,57733,0.0,0.0,0.0987141042368038,-0.148849791524412,1.95189487052491,3.3113966044586,-2.08176039345442,-0.269015954022439,-0.894615798219834,-0.894615798219834,-0.259009039761397,-2.68139976248644,1.0,dexmedia,0.0,0.381052157932366,-1.03336436626758,0.242303589884624,0.0,,0.1924259538027,-0.67872281536295,0.212881264670308,0.0,0.0,0.0,0,0,0,4.01133317298422,24.794938816072964,1.0,0.0,2.68139976248644,0.0,4.072180410775025,4.540075520648065,4.61542617467463,-0.120280341338431
Uruguay,URY,2017,15959345500.7884,59675827116.7172,1.74037643374211,6.2180938256186,-2.51029973901203,46.3780042035515,25.9311810606296,23.9263156750777,7.71512605971876,28.6764,11.0902390438247,1.00166666666667,64.3916320801,58428,0.0,0.0,-0.0505282614805114,0.169455661522889,0.31455960282746,-1.83070293535709,2.27752314621657,-0.246331366507476,-0.226208148918264,-0.226208148918264,-0.155388575796692,-2.51029973901203,1.0,dexmedia,0.0,-0.707799936087895,0.536100170143973,0.0545083829743415,0.0,,-0.0984960455707058,0.772681120276502,0.0343070966962946,0.0,0.0,0.0,0,0,0,4.164983688023401,24.812192869430795,1.0,0.0,2.51029973901203,0.0,4.01133317298422,4.072180410775025,4.540075520648065,-0.894615798219834
Uruguay,URY,2018,15556520867.2273,59774159517.7554,0.164777608940113,7.60653360377047,-1.8875546035652,47.7913104806475,26.4215439434306,24.944851219691,4.34831518079668,30.7252583333333,16.6398406374502,1.83166666666667,73.8647537231,61622,0.0,0.0,0.0690105784962745,-0.0255646833602157,-3.36681087892208,2.28797111680768,-0.393335839110197,-0.489130236237516,0.106583899833036,0.106583899833036,0.516769414393661,-1.8875546035652,1.0,dexmedia,0.0,0.16433925575537,-0.42548409504076,-0.367728739118426,0.0,,0.134524103645472,-0.11656941999319,-0.367197521051909,0.0,0.0,0.0,0,0,0,4.302235768619228,24.813839289426667,1.0,0.0,1.8875546035652,0.0,4.164983688023401,4.01133317298422,4.072180410775025,-0.226208148918264
Uruguay,URY,2019,14504021740.9161,60329073609.8215,0.928351141267498,7.88198870879619,-2.71389373662884,49.7448341159636,27.9053695836796,25.3082543138449,3.04912855507663,35.255375,15.3878571428571,2.15833333333333,66.0107955933,65115,0.0,0.0,0.137532936567073,-0.0700539266865903,-1.29918662572005,4.64888952786202,-1.00262865602034,-0.582821582629447,0.150003741436183,0.150003741436183,-0.490401163282327,-2.71389373662884,1.0,dexmedia,0.0,0.664269102846628,-0.64484662554115,-0.130581264130705,0.0,,0.268096506601721,-0.319430735246642,-0.141694358698559,0.0,0.0,0.0,0,0,0,4.189818298245832,24.82307997389948,1.0,0.0,2.71389373662884,0.0,4.302235768619228,4.164983688023401,4.01133317298422,0.106583899833036
Uruguay,URY,2020,16250371651.3164,55890466349.1545,-7.35732706484723,9.75640636078194,-4.63591601380426,47.7318733182088,26.188280623321,27.8846373005871,0.458650581277752,42.0132916666667,29.2513043478261,0.375833333333333,51.8681907654,54884,0.0,0.0,0.17536803656828,0.113689806953008,-2.59047797379888,5.95248938795916,1.513793937135,-0.769634904410177,1.48013181409497,1.48013181409497,-2.07659108593988,-4.63591601380426,1.0,dexmedia,0.0,0.940308869877744,0.261136199994501,-0.278686744222722,0.0,,0.341849444555631,0.518400899745706,-0.282527627635284,0.0,0.0,0.0,0,0,0,3.9487057075814707,24.746659654246784,1.0,0.0,4.63591601380426,1.0,4.189818298245832,4.302235768619228,4.164983688023401,0.150003741436183
Uruguay,URY,2021,16962770286.5533,59156857853.7605,5.84427312558179,7.74791402314762,-2.61418578931118,58.3150410230338,32.944605201732,26.7129770999909,-3.26214134619286,43.554575,19.6561507936508,0.08,75.619430542,60875,0.0,0.0,0.0360287129739034,0.0429051800279225,-3.72079192747061,1.151592326266,0.544378377136915,-1.03796125447227,0.244156215685167,0.244156215685167,-0.620325031193086,-2.61418578931118,1.0,dexmedia,0.0,-0.076291969608286,-0.0878806346795029,-0.408328819972956,0.0,,0.0702317010511076,0.195638329647441,-0.405804074315747,0.0,0.0,0.0,0,0,0,4.3257132679134065,24.803458360696947,1.0,0.0,2.61418578931118,0.0,3.9487057075814707,4.189818298245832,4.302235768619228,1.48013181409497
Uruguay,URY,2022,15126762057.5326,61810768801.3209,4.48622703072073,9.10437983075437,-2.49821290492442,61.0307951043821,33.3316130133263,26.6238341080853,5.43776304681267,41.1710833333333,25.6371484375,1.68333333333333,89.2994384766,77935,0.0,0.0,-0.0562786003512978,-0.114555462589454,8.69990439300553,-2.02883110736529,-1.61208982325521,-0.410564281685541,-2.63029421841181,-2.63029421841181,-0.49581864034278,-2.49821290492442,1.0,dexmedia,0.0,-0.749753629938082,-0.864269766887745,1.01627082158599,0.0,,-0.109705329699399,-0.52234810198688,0.948845492480713,0.0,0.0,0.0,0,0,0,4.491995199806692,24.84734343867842,1.0,0.0,2.49821290492442,0.0,4.3257132679134065,3.9487057075814707,4.189818298245832,0.244156215685167
Uruguay,URY,2023,16256769466.6151,62269484309.0206,0.742128785315927,5.86910359896119,-3.08635518891934,52.910987066463,28.1403012343037,28.577104248513,8.20235085615781,38.8239166666667,16.8490272373541,5.02416666666667,77.4245300293,88446,0.0,0.0,-0.0586996834324442,0.0720439077873287,2.76458780934514,-2.1122485844866,0.943441525670762,-0.211194961721435,-1.04714013682802,-1.04714013682802,-0.979795201435499,-3.08635518891934,1.0,dexmedia,0.0,-0.767417524302344,0.0557933093786998,0.33551592190438,0.0,,-0.114424809501471,0.328504618128035,0.301516725123234,0.0,0.0,0.0,0,0,0,4.349303655828574,24.85473732426477,1.0,0.0,3.08635518891934,0.0,4.491995199806692,4.3257132679134065,3.9487057075814707,-2.63029421841181
South Africa,ZAF,1995,4463556727.10403,193189961762.588,3.10000000054411,8.68042421392631,-1.38277520692844,39.4780337793026,20.0378606077754,105.007084387737,6.36739524038957,3.627085,12.3887698412698,5.83666666666667,101.3824005127,20963,0.0,0.0,0.170034359282628,-0.64536156698265,4.27741412648523,,,-0.343523496211605,0.0,0.0,0.0181425850166611,-3.13481826813928,1.0,dexmedia,0.0,0.0,0.0,0.0,0.0,,,,,0.0,0.0,0.0,1,1,1,4.61889951112943,25.9869397996244,0.0,0.0,1.38277520692844,0.0,,,,
South Africa,ZAF,1996,2341014432.71495,201497130113.101,4.29999999726792,7.35411972085333,-1.38277520692844,42.199251732528,21.7747432189724,105.543868603211,10.6448093668748,4.29934916666667,16.4421653543307,5.29833333333333,101.2091598511,23809,0.0,0.0,0.170034359282628,-0.64536156698265,4.27741412648523,6.02668033570819,-12.0028147071627,-0.0350561208149733,-3.08914390028353,-3.08914390028353,0.0181425850166611,-3.13481826813928,1.0,dexmedia,0.0,0.901395082539966,-3.48150848705535,0.50903049576815,0.0,,0.331452369619862,-2.94270898993951,0.466511461511214,0.0,0.0,0.0,0,0,0,4.617189265120016,26.029040975616837,0.0,0.0,1.38277520692844,0.0,4.61889951112943,,,0.0
South Africa,ZAF,1997,5957312964.3435,206736055498.991,2.60000000146347,8.59777611252274,-1.38277520692844,42.3013344291831,21.6605918552042,102.365461231743,10.9698989159021,4.60796166666667,22.363984063745,5.46,101.1319503784,26431,0.0,0.0,0.0693219498384423,0.934035180825354,0.3250895490273,2.40722521887245,17.1999105306762,-0.0116121621539665,4.41689726836818,4.41689726836818,0.0181425850166611,-3.13481826813928,1.0,dexmedia,0.0,0.166610978910573,4.30600241128933,0.0557161218317192,0.0,,0.135131067847464,4.25899815569346,0.0354555336832361,0.0,0.0,0.0,0,0,0,4.6164261035819605,26.054708722379683,0.0,0.0,1.38277520692844,0.0,4.617189265120016,4.61889951112943,,-3.08914390028353
South Africa,ZAF,1998,5508053230.71678,207769735777.192,0.50000000034143,6.88054521037351,-1.38277520692844,44.0357453368965,22.5192718175416,103.718943195112,12.6910336213851,5.52828416666667,25.6029761904762,5.35333333333333,101.3201370239,26432,0.0,0.0,0.182091885619576,-0.0784082894325735,1.721134705483,6.46004694748593,-1.51996370093808,0.112508133334151,0.0874893830664011,0.0874893830664011,0.0181425850166611,-3.13481826813928,1.0,dexmedia,0.0,0.989365162199237,-0.686039372723492,0.215836406409343,0.0,,0.354956417231159,-0.357524820199304,0.187713661378006,0.0,0.0,0.0,0,0,0,4.618285177520045,26.05969626389412,0.0,0.0,1.38277520692844,0.0,4.6164261035819605,4.617189265120016,4.61889951112943,4.41689726836818
South Africa,ZAF,1999,7496680479.60889,212756209430.574,2.39999999746338,5.18148905111697,-1.38277520692844,42.2582960172673,22.2692159746602,118.174400475191,10.3950669798212,6.10948416666667,24.3729761904762,4.97,100.7360687256,23309,0.0,0.0,0.0999648550659296,0.308249074771201,-2.2959666415639,3.50851018108527,5.62925246890718,-0.0530663897255067,1.85553208535816,1.85553208535816,0.0181425850166611,-3.13481826813928,1.0,dexmedia,0.0,0.390177466639753,1.22044703852253,-0.244907580195877,0.0,,0.194864074708773,1.40554902844739,-0.250407073494446,0.0,0.0,0.0,0,0,0,4.612503915589403,26.083412790486662,0.0,0.0,1.38277520692844,0.0,4.618285177520045,4.6164261035819605,4.617189265120016,0.0874893830664011
South Africa,ZAF,2000,7702061131.77162,221691970228.101,4.20000000067826,5.33895913599828,-1.38277520692844,46.2207217354077,24.4043033106919,117.095366481502,4.87058238653657,6.93982833333333,23.315,6.23583333333333,100.2636108398,26340,0.0,0.0,0.127434693203092,0.0270276526447901,-5.52448459328463,4.49575400511089,0.429525463802378,-0.451466734540827,1.03963042925442,1.03963042925442,2.97050302276739,-1.38277520692844,1.0,dexmedia,0.0,0.590593686486479,-0.166167751394486,-0.615204494162424,0.0,,0.248411739910384,0.123240243119288,-0.602521828726254,0.0,0.0,0.0,0,0,0,4.607802825946466,26.124554733824347,0.0,0.0,1.38277520692844,0.0,4.612503915589403,4.618285177520045,4.6164261035819605,1.85553208535816
South Africa,ZAF,2001,7626856919.15025,227677653424.683,2.70000000019104,5.70189483049608,-1.01546363380248,49.170945185829,26.3566606345688,121.069745626227,5.53834143339364,8.60918083333334,25.7496774193548,3.8875,100.6053085327,26541,0.0,0.0,0.215552134223018,-0.0098121492656169,0.66775904685707,7.66262111599145,-0.251634994770973,-0.403311032406226,0.790654507450535,0.790654507450535,3.02278664870159,-1.01546363380248,1.0,dexmedia,0.0,1.23348660575304,-0.347813281099622,0.0950188172028882,0.0,,0.420181344325136,-0.0447412757929781,0.0728284051239625,0.0,0.0,0.0,0,0,0,4.611205024988131,26.151196664772627,0.0,0.0,1.01546363380248,0.0,4.607802825946466,4.612503915589403,4.618285177520045,1.03963042925442
South Africa,ZAF,2002,7816784858.41019,236102579035.79,3.70037440406668,9.494713780996,-0.958147438473145,53.4655016294369,28.4311672176802,97.3173728340895,2.85418551575979,10.5407466666667,27.2924603174603,1.66666666666667,100.2943878174,25650,0.0,0.0,0.202419209238956,0.0245975033636512,-2.68415591763385,7.19065422239599,0.384592496932323,-0.596879975366678,1.24895170187774,1.24895170187774,2.52755536610864,-0.958147438473145,1.0,dexmedia,0.0,1.13767056316503,-0.178150056687781,-0.289431195400493,0.0,,0.394580994346625,0.112159288655362,-0.292744509423564,0.0,0.0,0.0,0,0,0,4.608109739438301,26.187532204467374,0.0,0.0,0.958147438473145,0.0,4.611205024988131,4.607802825946466,4.612503915589403,0.790654507450535
South Africa,ZAF,2003,8154089032.58033,243065422272.369,2.94907546754213,5.67942414068799,-1.58817328863586,45.723862568979,23.9152733614034,102.767701183828,8.04784838936572,7.56474916666667,21.9828571428571,1.1275,100.1114807129,29940,0.0,0.0,-0.331749192236265,0.0422461966326964,5.19366287360593,-12.0068826692139,0.710913252662586,-0.22233696691765,-3.46479987414643,-3.46479987414643,1.51749471031912,-1.58817328863586,1.0,dexmedia,0.0,-2.75954977175941,-0.0911298754920307,0.614120226894991,0.0,,-0.64668727162028,0.19263350807057,0.566441122163063,0.0,0.0,0.0,0,0,0,4.606284372181063,26.21659647151006,0.0,0.0,1.58817328863586,0.0,4.608109739438301,4.611205024988131,4.607802825946466,1.24895170187774
South Africa,ZAF,2004,14886243628.1943,254135982543.496,4.55455990721774,-0.692039437857687,-1.04393676317363,45.6435752240041,22.7575187856654,112.820913420211,4.95038435886218,6.4596925,15.4786561264822,1.34916666666667,100.5570449829,34576,0.0,0.0,-0.157917473565183,0.601918016845538,-3.09746403050354,-5.75950974169542,11.0591315909113,-0.445711784417496,1.51397539605799,1.51397539605799,1.88659939408572,-1.04393676317363,1.0,dexmedia,0.0,-1.49129708779523,2.66843665233125,-0.336835831521972,0.0,,-0.307832611234531,2.74461580918026,-0.337821503627937,0.0,0.0,0.0,0,0,0,4.610725178238651,26.261135325053058,0.0,0.0,1.04393676317363,0.0,4.606284372181063,4.608109739438301,4.611205024988131,-3.46479987414643
South Africa,ZAF,2005,20624460695.2026,267546870424.295,5.27705197295467,2.06285308223427,-0.10150669279951,47.4277813970329,23.5997644915436,122.283168033262,4.76148920296545,6.35932833333333,12.8070634920635,3.21333333333333,100.1764907837,40386,0.0,0.0,-0.0156589522337107,0.326040243700476,-0.18889515589673,-0.646881505500045,5.95820757067162,-0.459334031700922,0.858007225601269,0.858007225601269,2.57533059625874,-0.10150669279951,1.0,dexmedia,0.0,-0.453398176855972,1.30816972259372,-0.0032356798635244,0.0,,-0.0305244001596206,1.4866729060196,-0.0206016421707061,0.0,0.0,0.0,0,0,0,4.606933538205336,26.31256060447327,0.0,0.0,0.10150669279951,0.0,4.610725178238651,4.606284372181063,4.608109739438301,1.51397539605799
South Africa,ZAF,2006,25593361431.1639,282539679229.874,5.60380645895889,3.2439076541923,0.813302749917622,53.7681412741145,26.098249881712,139.007367744321,4.81030227960517,6.77154916666667,12.8065338645418,4.96416666666667,100.2399902344,46545,0.0,0.0,0.0628071251018203,0.215855214993859,0.0488130766397203,2.17310722879327,3.92090875825577,-0.455813857784897,0.859933124971746,0.859933124971746,3.25775491103396,0.813302749917622,1.0,dexmedia,0.0,0.119079699688678,0.764881841902506,0.0240284166194379,0.0,,0.122431551668959,0.984253036104383,0.0053237444518299,0.0,0.0,0.0,0,0,0,4.607567213165622,26.367084835120565,0.0,0.0,0.813302749917622,0.0,4.606933538205336,4.610725178238651,4.606284372181063,0.858007225601269
South Africa,ZAF,2007,32919403650.564,297685145427.081,5.36047405394162,6.17781214809388,1.21531521740327,57.125139137747,27.958964394702,142.422045511185,4.54604566856022,7.045365,17.5359362549801,5.01916666666667,100.199005127,55943,0.0,0.0,0.0396400648922632,0.25172926177299,-0.26425661104495,1.34050834668166,4.58421260050715,-0.474870825576609,0.903700810200726,0.903700810200726,3.41262005736456,1.21531521740327,1.0,dexmedia,0.0,-0.0499440349608393,0.941765535406331,-0.011879309755234,0.0,,0.0772714026497825,1.14783092075598,-0.0288208562900779,0.0,0.0,0.0,0,0,0,4.607158259729218,26.419302205930396,0.0,0.0,1.21531521740327,0.0,4.607567213165622,4.606933538205336,4.610725178238651,0.859933124971746
South Africa,ZAF,2008,34070371606.9593,307184409060.741,3.1910438863288,9.90998456005467,-0.487939599150684,65.9745237996233,32.2546736710677,125.955880255506,6.74515150291692,8.26122333333333,32.694861660079,1.9275,100.042678833,70588,0.0,0.0,0.159202726073051,0.034365878239587,2.1991058343567,5.63747666395816,0.565207765336525,-0.316281457120758,0.421726086621149,0.421726086621149,1.55024565749545,-0.487939599150684,1.0,dexmedia,0.0,0.822368953161618,-0.129985258380425,0.270657608160043,0.0,,0.310337987154375,0.156700962710905,0.239843056217373,0.0,0.0,0.0,0,0,0,4.605596883269857,26.450714085176614,0.0,0.0,0.487939599150684,0.0,4.607158259729218,4.607567213165622,4.606933538205336,0.903700810200726
South Africa,ZAF,2009,39602644576.4755,302459639039.778,-1.53808913525583,7.23809523809527,-4.66733342067955,49.5875353278801,24.9827464883237,121.094546324717,2.80250897674709,8.47367415824888,31.4790079365079,0.16,101.1617965698,55719,0.0,0.0,0.0253915196479144,0.150467759490905,-3.94264252616983,0.828432414440212,2.71190798013947,-0.600606648980095,0.722351392971687,0.722351392971687,-2.62089588221485,-4.66733342067955,1.0,dexmedia,0.0,-0.153899491921621,0.442476769807104,-0.433774115086204,0.0,,0.0494963452743187,0.686100398913043,-0.429999965565902,0.0,0.0,0.0,0,0,0,4.6167211813297095,26.435213680853554,0.0,0.0,4.66733342067955,1.0,4.605596883269857,4.607158259729218,4.607567213165622,0.421726086621149
South Africa,ZAF,2010,43819545749.0238,311653604140.269,3.03973288127956,4.06749555950263,-4.51415098615201,50.4060871625999,25.7834176267221,124.093899905646,3.49095978979672,7.32122196115288,22.5488888888889,0.175,101.4012832642,68249,0.0,0.0,-0.146186950898789,0.101184069555373,0.68845081304963,-5.33793508261859,1.80066255818222,-0.550958752117324,-1.30363053100688,-1.30363053100688,-2.28350023595895,-4.51415098615201,1.0,dexmedia,0.0,-1.40571278264257,0.199474324084549,0.097392072448856,0.0,,-0.284966000326832,0.461377445377478,0.0750851298184385,0.0,0.0,0.0,0,0,0,4.619085746542487,26.46515816483926,0.0,0.0,4.51415098615201,1.0,4.6167211813297095,4.605596883269857,4.607158259729218,0.722351392971687
South Africa,ZAF,2011,48748260246.0381,321528523981.702,3.16855627858818,5.0008533879502,-3.70427488001273,54.6363504358971,27.6981484703752,118.970675992703,3.27930122317635,7.26113213232734,24.2025793650794,0.101666666666667,100.9520950317,83950,0.0,0.0,-0.008241490853843,0.106589541726091,-0.21165856662037,-0.380306339075914,1.90060864126828,-0.566222591576153,-0.167307824146425,-0.167307824146425,-1.40211169707965,-3.70427488001273,1.0,dexmedia,0.0,-0.399281382894924,0.226127015055698,-0.0058465436928007,0.0,,-0.0160653510515847,0.486025227900398,-0.0230843084947151,0.0,0.0,0.0,0,0,0,4.614646097705464,26.496352098249066,1.0,0.0,3.70427488001273,0.0,4.619085746542487,4.6167211813297095,4.605596883269857,-1.30363053100688
South Africa,ZAF,2012,50688078405.0297,329233094599.263,2.39623238465745,5.73797139141739,-4.03947429295915,55.5826171933345,27.1391491937679,125.167785450237,3.88287299810937,8.20996862659332,17.79888,0.14,100.0,80947,0.0,0.0,0.122813344320955,0.0390212334608719,0.60357177493302,4.32967819874419,0.651284338306744,-0.52269577940142,0.362188974148178,0.362188974148178,-1.59528204439755,-4.03947429295915,1.0,dexmedia,0.0,0.556876950737032,-0.107031159246223,0.0876568173426306,0.0,,0.239403225135565,0.177928374385088,0.0658278909931712,0.0,0.0,0.0,0,0,0,4.605170185988092,26.52003183107092,1.0,0.0,4.03947429295915,1.0,4.614646097705464,4.619085746542487,4.6167211813297095,-0.167307824146425
South Africa,ZAF,2013,49708174893.5691,337416077838.151,2.48546800826588,5.78016910069176,-3.90419573364211,58.875027630051,28.379280320361,127.029272479725,2.50924549715633,9.65505606913526,14.230119047619,0.1075,99.9547729492,83026,0.0,0.0,0.162132621035723,-0.0195213386506587,-1.37362750095304,5.74278519374458,-0.431155935463568,-0.621755458324721,0.587178123368836,0.587178123368836,-1.24795876416898,-3.90419573364211,1.0,dexmedia,0.0,0.843745070124327,-0.395686254280707,-0.139119307525215,0.0,,0.316049307102955,-0.0890130768268873,-0.149813170783199,0.0,0.0,0.0,0,0,0,4.604717813174938,26.544582658081076,1.0,0.0,3.90419573364211,0.0,4.605170185988092,4.614646097705464,4.619085746542487,0.362188974148178
South Africa,ZAF,2014,49121568380.4854,342186555600.731,1.41382645223793,6.13282953059149,-3.92633440597595,59.4995740550593,29.0006193033471,128.838374779653,3.56702763012509,10.8526555687831,14.1759920634921,0.0891666666666667,99.3356323242,71935,0.0,0.0,0.116928079794849,-0.0118711914572138,1.05778213296876,4.1181808355085,-0.289706266892924,-0.54547309036835,0.0162203216426181,0.0162203216426181,-1.15854168765806,-3.92633440597595,1.0,dexmedia,0.0,0.513938857573515,-0.357965773517671,0.139752762413226,0.0,,0.227930926940968,-0.0541300622932437,0.115365843525932,0.0,0.0,0.0,0,0,0,4.598504341772828,26.558621909499248,1.0,0.0,3.92633440597595,0.0,4.604717813174938,4.605170185988092,4.614646097705464,0.587178123368836
South Africa,ZAF,2015,45887065756.7249,346709790458.563,1.32186223678229,4.51869094892506,-4.37399297468192,56.7266761447156,27.7136384124829,127.203244242731,3.66774283297156,12.7589308811644,16.674126984127,0.1325,100.7274246216,56784,0.0,0.0,0.161821684741134,-0.0681149273360475,0.10071520284647,5.73162633909503,-1.32964152540129,-0.538209974531091,0.176209130326553,0.176209130326553,-1.44003120413774,-4.37399297468192,1.0,dexmedia,0.0,0.841476521017357,-0.635286026790271,0.0299813639005327,0.0,,0.315443190950448,-0.310589318105849,0.0109843926930949,0.0,0.0,0.0,0,0,0,4.612418102483895,26.57175392823078,1.0,0.0,4.37399297468192,1.0,4.598504341772828,4.604717813174938,4.605170185988092,0.0162203216426181
South Africa,ZAF,2016,47180127300.8565,349013858372.625,0.664552307858116,6.60290842394872,-3.72499271283555,55.8612575048782,28.1560881698955,124.360496111764,3.27825167845196,14.7096108855267,15.8256349206349,0.395,101.6550216675,57733,0.0,0.0,0.142269594222221,0.0277894866079897,-0.3894911545196,5.02894602214635,0.443611619124054,-0.566298279900202,0.562658894302687,0.562658894302687,-0.61742247473581,-3.72499271283555,1.0,dexmedia,0.0,0.698827115792054,-0.162411386630927,-0.0262431651415595,0.0,,0.27732979574693,0.126714041013436,-0.0424794238686292,0.0,0.0,0.0,0,0,0,4.621584940403573,26.578377467164547,1.0,0.0,3.72499271283555,0.0,4.612418102483895,4.598504341772828,4.604717813174938,0.176209130326553
South Africa,ZAF,2017,50722891363.2361,353055253707.071,1.15794695181735,5.18618655524149,-4.01583408430778,53.5359318293741,27.3400757812216,127.030283858454,4.64731548547952,13.3238014244992,11.0902390438247,1.00166666666667,101.5859832764,58428,0.0,0.0,-0.0989490652606602,0.0724045427058861,1.36906380702756,-3.64027024269833,1.26853494919029,-0.467567713530813,-1.17895548884215,-1.17895548884215,-0.762454535150293,-4.01583408430778,1.0,dexmedia,0.0,-1.06107156466837,0.0575714872573659,0.175455411431139,0.0,,-0.192883969397043,0.330149035259793,0.149315436530655,0.0,0.0,0.0,0,0,0,4.62090556574909,26.58989040771313,1.0,0.0,4.01583408430778,1.0,4.621584940403573,4.612418102483895,4.598504341772828,0.562658894302687
South Africa,ZAF,2018,51642041966.6735,358551560868.533,1.55678384721676,4.50987264867388,-3.73226008615712,54.4855451276341,27.4970371508423,118.380857963487,5.85618355804153,13.2339264715833,16.6398406374502,1.83166666666667,100.7938919067,61622,0.0,0.0,-0.0067682970744926,0.0179587926641105,1.20886807256201,-0.327362715534754,0.261844083804807,-0.380389724559612,-0.756498281363762,-0.756498281363762,-0.352620717931324,-3.73226008615712,1.0,dexmedia,0.0,-0.388533160539741,-0.210883460751948,0.157081660072073,0.0,,-0.0131936163555208,0.0818882055035026,0.131843865155172,0.0,0.0,0.0,0,0,0,4.613077757637556,26.605338310545488,1.0,0.0,3.73226008615712,0.0,4.62090556574909,4.621584940403573,4.612418102483895,-1.17895548884215
South Africa,ZAF,2019,55055893656.867,359483563936.676,0.25993557687633,4.10285075461156,-5.07210314620991,53.8979964081406,27.2021294051151,117.185556861489,5.26841565254553,14.4484270548333,15.3878571428571,2.15833333333333,101.2181777954,65115,0.0,0.0,0.0878018347457776,0.0640128099671813,-0.587767905496,3.07141627714535,1.11337351443503,-0.422776834572667,0.366616840342444,0.366616840342444,-1.50587261647235,-5.07210314620991,1.0,dexmedia,0.0,0.301437717162089,0.0161944803404163,-0.0489846428399389,0.0,,0.171154384950435,0.291884551232934,-0.0641042593758944,0.0,0.0,0.0,0,0,0,4.617278363207368,26.60793429383197,1.0,0.0,5.07210314620991,1.0,4.613077757637556,4.62090556574909,4.621584940403573,-0.756498281363762
South Africa,ZAF,2020,55008491995.5568,337307318679.639,-6.1689177146757,3.23238831615113,-9.62138449829976,50.7596590804177,27.5759141603963,109.054691372725,2.19841383909371,16.4591053903333,29.2513043478261,0.375833333333333,102.6560134888,54884,0.0,0.0,0.130293288948768,-0.0008613442751688,-3.07000181345182,4.59853051558337,-0.0861364275766213,-0.644171203659986,0.64145598519704,0.64145598519704,-5.53647380545005,-9.62138449829976,1.0,dexmedia,0.0,0.611449614015344,-0.303679663939264,-0.33368603512096,0.0,,0.253984074453161,-0.0039275433673916,-0.334826367165978,0.0,0.0,0.0,0,0,0,4.6313837242020535,26.544260276613304,1.0,0.0,9.62138449829976,1.0,4.617278363207368,4.613077757637556,4.62090556574909,0.366616840342444
South Africa,ZAF,2021,57597149617.2517,353695896167.047,4.85864865060148,4.61874544887136,-5.54022969551339,56.1647136277546,31.1916105051608,93.1963897397387,0.595087859723449,14.7786782139167,19.6561507936508,0.08,102.4437255859,60875,0.0,0.0,-0.107693362447281,0.0459855074325368,-1.60332597937026,-3.9545365323112,0.780052350244103,-0.759795677264082,-1.03209655746449,-1.03209655746449,-1.32779003521091,-5.54022969551339,1.0,dexmedia,0.0,-1.12486877303226,-0.0726925046119971,-0.165464720179766,0.0,,-0.2099294538238,0.20968395555587,-0.174864982392885,0.0,0.0,0.0,0,0,0,4.629313629138379,26.591703330509386,1.0,0.0,5.54022969551339,1.0,4.6313837242020535,4.617278363207368,4.613077757637556,0.64145598519704
South Africa,ZAF,2022,60553113006.2544,360975440918.611,2.05813661692193,7.03987272546482,-4.24985877791105,64.94713440234,33.5394403164272,91.5697287634873,3.37387624023208,16.3558534845,25.6371484375,1.68333333333333,101.9743347168,77935,0.0,0.0,0.101400363758849,0.0500478001712068,2.77878838050863,3.56014004562453,0.855163318306939,-0.559402277613885,0.0108434673785284,0.0108434673785284,0.251130872964013,-4.24985877791105,1.0,dexmedia,0.0,0.400650743706603,-0.0526626109082368,0.337144665419838,0.0,,0.197662348892212,0.228207130739265,0.303065494779825,0.0,0.0,0.0,0,0,0,4.6247211611990116,26.61207576226873,1.0,0.0,4.24985877791105,1.0,4.629313629138379,4.6313837242020535,4.617278363207368,-1.03209655746449
South Africa,ZAF,2023,62491675820.3129,363885280375.697,0.80610455095804,6.0752438457966,-5.59989408436182,65.6798759740707,33.2538127556816,89.7117995863871,6.47206699043374,18.4502441785,16.8490272373541,5.02416666666667,101.9224243164,88446,0.0,0.0,0.120491760449088,0.0315124801602131,3.09819075020166,4.2462738842907,0.512449014109717,-0.335975052441717,0.0221057953682549,0.0221057953682549,-0.685643496132799,-5.59989408436182,1.0,dexmedia,0.0,0.539938989132254,-0.144054470990417,0.373778722773582,0.0,,0.23487770171284,0.143690085383164,0.337900762511565,0.0,0.0,0.0,0,0,0,4.624211978004853,26.62010449110557,1.0,0.0,5.59989408436182,1.0,4.6247211611990116,4.629313629138379,4.6313837242020535,0.0108434673785284
